{"bore_locations":[[0.0,0.0],[0.0,40.0],[5.0,0.0],[5.0,40.0],[10.0,0.0],[10.0,40.0],[15.0,0.0],[15.0,40.0],[0.0,5.0],[15.0,5.0],[0.0,10.0],[15.0,10.0],[0.0,15.0],[15.0,15.0],[0.0,20.0],[15.0,20.0],[0.0,25.0],[15.0,25.0],[0.0,30.0],[15.0,30.0],[0.0,35.0],[15.0,35.0],[7.5,10.0],[7.5,20.0],[7.5,30.0]],"g":{"5._192._0.08":[2.8351650547090013,3.186980688212253,3.5206620106255917,4.033829088184277,4.683561765509022,5.879139536726041,7.82014974517546,9.974831533838346,13.647234878272519,16.206648965018854,18.143571906511152,20.961660451704184,22.96437431762188,27.49305121887755,31.316961094604427,32.358728060881596,33.28344670140875,34.175891792640684,34.8589390987797,35.44063629274549,35.93688024532917,36.34869719498268,36.655275868491366,37.00390250013427,37.242109380324194,37.35929271503263,37.550171776726486],"5._24._0.075":[0.8740059532267971,1.1958031759615422,1.4813847491413066,1.8198213217004344,2.111467924224723,2.45119283311259,2.7884191837128927,3.044965042377167,3.3873429258621885,3.6160126791803595,3.8024210593267798,4.116293045705996,4.384294263885441,5.243415440612806,6.463336132167189,6.926509108983703,7.41087644737771,7.956361112002564,8.440632905841708,8.902059329147692,9.341276483176573,9.742555961558399,10.063109673719058,10.452124850295881,10.73365829386581,10.877900417980577,11.120652933691101],"5._384._0.0875":[3.4904530829056597,4.032036866096728,4.727823087853641,6.019904955105208,7.763764337133147,10.786133733385642,14.964245960963538,18.86859472828863,24.47054394459515,27.88791545472592,30.29556720892744,33.589392302366576,35.81979579345043,40.64290662933854,44.58979950712191,45.65366308656147,46.60054022752268,47.51530060081833,48.21799370478835,48.81714296779331,49.33010619186676,49.75730381127666,50.07568648615388,50.43873270780076,50.68676891667433,50.80862765298279,51.00661521762972],"5._48._0.075":[1.5268463243731383,1.8679037053125402,2.1622431316564765,2.5060808688158702,2.8001341708438034,3.1432152270501255,3.5114021222365284,3.8603577137807035,4.49013387322001,5.008675025659283,5.468027173637792,6.279198486602413,6.980651503854152,9.098274758738045,11.615293522365544,12.441305018122828,13.231913375476031,14.047543488763099,14.709118527102783,15.293138629818229,15.807402353544685,16.243951152512118,16.572552303321388,16.947757370806187,17.205398612886544,17.332980627122122,17.541830432425318],"5._96._0.075":[2.2092718103274045,2.5553235624168145,2.8519135580888157,3.2001234090452986,3.5232802487837804,4.007687556408312,4.735511544816177,5.580623013787889,7.241979813811867,8.594641848234287,9.732696528068825,11.575978539618248,13.01859012096629,16.703570371608045,20.229704181448316,21.247452929927437,22.166587327329665,23.066647515620385,23.762317991298506,24.35694349875292,24.86520339348142,25.286901879401633,25.600371770770437,25.955412541946007,26.197754233630853,26.317097490323526,26.511802938109902]},"logtime":[-8.5,-7.8,-7.2,-6.5,-5.9,-5.2,-4.5,-3.963,-3.27,-2.864,-2.577,-2.171,-1.884,-1.191,-0.497,-0.274,-0.051,0.196,0.419,0.642,0.873,1.112,1.335,1.679,2.028,2.275,3.003]}
