{"bore_locations":[[0.0,0.0],[0.0,35.0],[5.0,0.0],[5.0,35.0],[10.0,0.0],[10.0,35.0],[15.0,0.0],[15.0,35.0],[0.0,5.0],[15.0,5.0],[0.0,10.0],[15.0,10.0],[0.0,15.0],[15.0,15.0],[0.0,20.0],[15.0,20.0],[0.0,25.0],[15.0,25.0],[0.0,30.0],[15.0,30.0],[7.5,11.666666666666698],[7.5,23.3333333333333]],"g":{"5._192._0.08":[2.835166960720879,3.1871321955021763,3.5219211566154387,4.037673395003338,4.681926936241187,5.842153103790585,7.702839014214701,9.755571959385927,13.226081840795217,15.620286864410794,17.41877474092838,20.01689368172398,21.850525273814647,25.969726674661292,29.42889461959045,30.369600975231247,31.205108381708975,32.011914421108145,32.63023568865273,33.15696771576153,33.60680080897036,33.98047368975826,34.2587114216045,34.57528201126229,34.79155372376095,34.897901048406894,35.07096171953132],"5._24._0.075":[0.8740059532267969,1.1958031759615408,1.4813847491413077,1.8198213217004344,2.1114679242247263,2.451192833143698,2.7884196223472686,3.0449919974516058,3.3879447727981766,3.6178004309384613,3.8053263532337063,4.119674460601333,4.385508699550363,5.2228803661924825,6.39482348755364,6.8376199683282035,7.299761192674103,7.819066416192497,8.278920162139174,8.715812322708459,9.130281559921087,9.507491987292344,9.807578355400388,10.170036257172521,10.430761137386138,10.563633440898554,10.785907811188576],"5._384._0.0875":[3.492043109992415,4.03595094701054,4.723814128728142,5.974912681257754,7.645895149305873,10.522784559082238,14.45987149777272,18.09316023903547,23.236837335479528,26.340467672811638,28.515259695018717,31.480800287060315,33.484064700819424,37.81476157297041,41.36164278188219,42.31840110140284,43.17079968660562,43.995015605522305,44.62895927760343,45.16962663759632,45.63290343141323,46.01900178246487,46.306778159246235,46.63502513430439,46.859252288918775,46.969379681792766,47.148183048522114],"5._48._0.075":[1.5268463243731418,1.8679037053125405,2.162243131656477,2.5060808689637466,2.800134562206415,3.143279115476509,3.51240617554137,3.863412784021317,4.4913177785603535,4.9992446339918555,5.444424391679893,6.2248877379339085,6.896930783082895,8.917073844100175,11.299381696203385,12.075000007913399,12.814397315266337,13.573885247140069,14.187377856834724,14.726879674235825,15.200449566820632,15.601391267650452,15.902519399717042,16.245862692987703,16.48121650994105,16.597561831083205,16.787618274738126],"5._96._0.075":[2.209271810327407,2.555323563035406,2.8519144507350873,3.200223661964631,3.5242637317263545,4.0113191976945455,4.733609866561337,5.555415234069362,7.150900564240685,8.44250610439751,9.525368292155106,11.271757129714937,12.630984636541557,16.072558215686378,19.32242841346877,20.25278792468201,21.091037526517727,21.910278864927648,22.54299466288797,23.083361960891775,23.545315472721963,23.928762821108396,24.213819128325678,24.536876490672643,24.757337226983676,24.865833890730343,25.04262328630157]},"logtime":[-8.5,-7.8,-7.2,-6.5,-5.9,-5.2,-4.5,-3.963,-3.27,-2.864,-2.577,-2.171,-1.884,-1.191,-0.497,-0.274,-0.051,0.196,0.419,0.642,0.873,1.112,1.335,1.679,2.028,2.275,3.003]}
