{"bore_locations":[[0.0,0.0],[0.0,30.0],[5.0,0.0],[5.0,30.0],[10.0,0.0],[10.0,30.0],[15.0,0.0],[15.0,30.0],[0.0,5.0],[15.0,5.0],[0.0,10.0],[15.0,10.0],[0.0,15.0],[15.0,15.0],[0.0,20.0],[15.0,20.0],[0.0,25.0],[15.0,25.0],[7.5,7.5],[7.5,15.0],[7.5,22.5]],"g":{"5._192._0.08":[2.8351635580256604,3.1868700404538632,3.5202733026573148,4.040309792932084,4.720083459051813,5.990614734967209,8.024310347090275,10.223561864968083,13.84857484741107,16.2966012415779,18.11298918502549,20.70842323599815,22.52291755877334,26.56337067694557,29.932979411823094,30.8472671484664,31.659650426704424,32.44439934367994,33.04642059250584,33.55941144163968,33.99790321020989,34.362471803799416,34.63399869621654,34.943111115963305,35.154282869055336,35.25809249564105,35.42690529931335],"5._24._0.075":[0.8740059532267965,1.1958031759615424,1.4813847491413075,1.819821321700434,2.111467924224728,2.4511928330881476,2.7884188391102973,3.044944113859872,3.3870145536937994,3.615935956740703,3.8042583331092863,4.126833785480621,4.407304930041428,5.319495770623669,6.6041325569847595,7.08428946776401,7.580670468072656,8.13273320179482,8.616188581950206,9.070936388173825,9.497857583496534,9.882362141739208,10.185381123740937,10.547535885387022,10.805176757455673,10.935430823690655,11.151611894596037],"5._384._0.0875":[3.4901551614952333,4.041097881412215,4.771848974435697,6.144587936966614,7.97025351938825,11.041794067893326,15.131453081443718,18.81974921668134,23.941237317823834,26.989747785252334,29.112882986060225,31.99685541770366,33.939796946082446,38.13699512583497,41.57601668952772,42.50418984793176,43.331865643285646,44.13278456607795,44.749482556501285,45.275575582028935,45.72669799612162,46.10291581909021,46.38336158698881,46.70335272100703,46.921923281162364,47.02924731066947,47.20340350607982],"5._48._0.075":[1.5268463243731418,1.8679037053125407,2.162243131656477,2.506080868699682,2.800133863374056,3.1431664867990414,3.511003879199242,3.8623156451160527,4.515173719049069,5.06479992787909,5.55370685411924,6.412750788291099,7.147635684054228,9.314256445469622,11.79706691534515,12.58976257881212,13.338760107902576,14.101727895855928,14.713191789486814,15.247697832108951,15.71435529791113,16.107716935146748,16.402240388063763,16.7372647486207,16.96643110165261,17.079523899775598,17.263965765956055],"5._96._0.075":[2.209271810327406,2.5553235619307806,2.8519128568997587,3.2000482708937437,3.52287575342177,4.012109809731903,4.772385757748915,5.670806651992732,7.420622298774972,8.816630526323616,9.971270947948478,11.805342676830222,13.212700238326887,16.710685300724073,19.94278603555217,20.85765915429973,21.679279014564994,22.480091054444397,23.097613097003524,23.624473626034565,24.074763282987433,24.44857947629786,24.72649680566013,25.041639412758165,25.25667775021034,25.362456901059495,25.53467629980608]},"logtime":[-8.5,-7.8,-7.2,-6.5,-5.9,-5.2,-4.5,-3.963,-3.27,-2.864,-2.577,-2.171,-1.884,-1.191,-0.497,-0.274,-0.051,0.196,0.419,0.642,0.873,1.112,1.335,1.679,2.028,2.275,3.003]}
