{"bore_locations":[[0.0,0.0],[0.0,30.0],[5.0,0.0],[5.0,30.0],[10.0,0.0],[10.0,30.0],[15.0,0.0],[15.0,30.0],[0.0,5.0],[15.0,5.0],[0.0,10.0],[15.0,10.0],[0.0,15.0],[15.0,15.0],[0.0,20.0],[15.0,20.0],[0.0,25.0],[15.0,25.0],[5.0,6.0],[5.0,12.0],[5.0,18.0],[5.0,24.0],[10.0,6.0],[10.0,12.0],[10.0,18.0],[10.0,24.0]],"g":{"5._192._0.08":[2.8351768029084212,3.1884982140870126,3.5399655200950084,4.159132680579318,5.043310167827616,6.734259570844476,9.403990067197196,12.230685926252091,16.799137258280933,19.84988363722113,22.103226594199434,25.309810138806267,27.544737903040392,32.50274532876693,36.62282072399607,37.73908229161835,38.73021146656613,39.68700512221716,40.420444096405184,41.04535067254345,41.57929222819405,42.023086570204796,42.35364264345615,42.729956598487135,42.9870898811391,43.11352296562639,43.319219775856574],"5._24._0.075":[0.874005953226797,1.195803175961542,1.481384749141308,1.8198213217004335,2.1114679242247227,2.4511928332496473,2.7884216544938134,3.045178887900911,3.3951756681773415,3.647403063117421,3.869751395720987,4.2742568516716375,4.63998151281358,5.852393416749416,7.543618311470251,8.166785670322346,8.802971460615792,9.5028003808606,10.108803377340507,10.67415431855699,11.200213498597687,11.670085751452397,12.037925021288329,12.474057204273898,12.782107518981976,12.937226802856864,13.193888130251025],"5._384._0.0875":[3.51623638528283,4.182534380219341,5.138893108464726,6.964803756377397,9.359896218845194,13.294388352464951,18.43720782464621,23.030152342317198,29.371211004039207,33.13359756303134,35.75044586340833,39.29969188300404,41.68832858235261,46.84026996267815,51.05575507502951,52.192822438810694,53.20650747173057,54.187144650984834,54.94195765916947,55.585865897587354,56.137920155609734,56.598252720203455,56.94142138280945,57.33299072172242,57.600488850415246,57.73185603482696,57.945082230400764],"5._48._0.075":[1.5268463243731423,1.8679037053125418,2.162243131656476,2.5060808694791796,2.8001363596457067,3.143779784957073,3.525998673951438,3.9312434206565907,4.764852471148493,5.495069050579647,6.148319481319552,7.28812477272002,8.252677604278032,11.03105602396165,14.13579478459462,15.113580026971484,16.032891650581963,16.964929251937875,17.708127326709146,18.355877840429706,18.91938615060825,19.392944147846794,19.74689160614836,20.148670677216572,20.423213393642694,20.55867343727451,20.779728198358104],"5._96._0.075":[2.2092718103274045,2.555323565250502,2.8519187898338996,3.2010666917293418,3.5374432224056935,4.110406212012664,5.095977645190078,6.293398632019837,8.601773242944848,10.411075495579066,11.88821503257597,14.205072939425177,15.966576487271793,20.30033048783651,24.265076472165678,25.382386972372124,26.383971012272927,27.358576320055015,28.108722551058037,28.74828104984055,29.294272042076493,29.74713536783998,30.083761152224803,30.465354645278932,30.72576827515188,30.853902218864985,31.062657465686442]},"logtime":[-8.5,-7.8,-7.2,-6.5,-5.9,-5.2,-4.5,-3.963,-3.27,-2.864,-2.577,-2.171,-1.884,-1.191,-0.497,-0.274,-0.051,0.196,0.419,0.642,0.873,1.112,1.335,1.679,2.028,2.275,3.003]}
