{"bore_locations":[[0.0,0.0],[0.0,30.0],[5.0,0.0],[5.0,30.0],[10.0,0.0],[10.0,30.0],[15.0,0.0],[15.0,30.0],[20.0,0.0],[20.0,30.0],[25.0,0.0],[25.0,30.0],[30.0,0.0],[30.0,30.0],[0.0,5.0],[30.0,5.0],[0.0,10.0],[30.0,10.0],[0.0,15.0],[30.0,15.0],[0.0,20.0],[30.0,20.0],[0.0,25.0],[30.0,25.0],[5.0,5.0],[5.0,25.0],[10.0,5.0],[10.0,25.0],[15.0,5.0],[15.0,25.0],[20.0,5.0],[20.0,25.0],[25.0,5.0],[25.0,25.0],[5.0,10.0],[25.0,10.0],[5.0,15.0],[25.0,15.0],[5.0,20.0],[25.0,20.0],[10.0,10.0],[10.0,20.0],[15.0,10.0],[15.0,20.0],[20.0,10.0],[20.0,20.0],[10.0,15.0],[20.0,15.0]],"g":{"5._192._0.08":[2.835216633866436,3.1911897878595488,3.560178218440534,4.248831688372775,5.269833451129927,7.294950720450175,10.665489464391372,14.45610465497273,21.009795343183466,25.648930005188486,29.187280412474806,34.34538626836012,38.01045940557101,46.22194330586695,53.049299767994725,54.892997861771235,56.51957253965312,58.08123698006511,59.268476075630325,60.27777657001159,61.13525812504904,61.844445435051966,62.37217498637651,62.97161783537617,63.3814412637409,63.583303100587095,63.91316223934413],"5._24._0.075":[0.874005953226797,1.1958031759615413,1.4813847491413057,1.819821321700433,2.111467924224727,2.4511928339538103,2.7884310476380705,3.045699142795713,3.405033839955502,3.6765912287600813,3.923179794418833,4.382035814557644,4.804368024887531,6.242100105543968,8.342999274072476,9.148685047220392,9.99015996433779,10.937825400862948,11.778408696947672,12.579691408011174,13.340424430253272,14.032317987800532,14.582095919177934,15.241280934733052,15.711200535052223,15.949547153338775,16.346690935321643],"5._384._0.0875":[3.5414929354852633,4.286960426875677,5.396128134029732,7.595083140824263,10.62694399424164,15.946458655007774,23.45908134352432,30.61536399515504,40.9846228989337,47.32705140961375,51.78994902389711,57.862124997875426,61.95449927140164,70.71182773618423,77.80102116403691,79.70171207441452,81.38850551186549,83.0133783129285,84.2569236537652,85.31661424285865,86.22194623521648,86.97460237570894,87.53556530344507,88.17498286729082,88.61211842056052,88.82708033829849,89.17704872265132],"5._48._0.075":[1.526846324373144,1.8679037053125445,2.1622431316564823,2.506080872814692,2.8001447559409716,3.1449670778332077,3.5421568735353257,3.9873311392762982,4.940822090030437,5.799515258636726,6.583221916615162,7.984494522225326,9.204992223196712,12.889608970438305,17.30428336936147,18.75961041729754,20.15099414365071,21.58263678933358,22.73508448654038,23.746689545281193,24.62844848590649,25.368683093917575,25.920929745441175,26.54410780345683,26.968645157097736,27.178398853765064,27.522456039490983],"5._96._0.075":[2.209271810327407,2.555323579144534,2.851937706067795,3.2028882185239125,3.5532817742669636,4.186434144105712,5.322802371714033,6.749681755176112,9.625559791196274,11.995938382131156,14.003741942287109,17.272625874597853,19.851740473480277,26.473933880681415,32.798559081199734,34.6110622656062,36.23667948480926,37.8170025615535,39.0260461224717,40.05385717535693,40.92534406286891,41.64333566774507,42.17544424620919,42.775672466372185,43.18500537019597,43.386775493652245,43.717249427321335]},"logtime":[-8.5,-7.8,-7.2,-6.5,-5.9,-5.2,-4.5,-3.963,-3.27,-2.864,-2.577,-2.171,-1.884,-1.191,-0.497,-0.274,-0.051,0.196,0.419,0.642,0.873,1.112,1.335,1.679,2.028,2.275,3.003]}
