{"bore_locations":[[0.0,0.0],[0.0,5.0],[0.0,10.0],[0.0,15.0],[0.0,20.0],[0.0,25.0],[0.0,30.0],[0.0,35.0],[0.0,40.0],[0.0,45.0],[0.0,50.0],[0.0,55.0],[0.0,60.0],[0.0,65.0],[0.0,70.0],[0.0,75.0],[0.0,80.0],[0.0,85.0],[0.0,90.0],[0.0,95.0],[0.0,100.0],[0.0,105.0],[0.0,110.0],[0.0,115.0],[0.0,120.0],[0.0,125.0],[0.0,130.0],[0.0,135.0],[0.0,140.0],[0.0,145.0],[0.0,150.0],[0.0,155.0],[0.0,160.0],[0.0,165.0],[5.0,0.0],[5.0,5.0],[5.0,10.0],[5.0,15.0],[5.0,20.0],[5.0,25.0],[5.0,30.0],[5.0,35.0],[5.0,40.0],[5.0,45.0],[5.0,50.0],[5.0,55.0],[5.0,60.0],[5.0,65.0],[5.0,70.0],[5.0,75.0],[5.0,80.0],[5.0,85.0],[5.0,90.0],[5.0,95.0],[5.0,100.0],[5.0,105.0],[5.0,110.0],[5.0,115.0],[5.0,120.0],[5.0,125.0],[5.0,130.0],[5.0,135.0],[5.0,140.0],[5.0,145.0],[5.0,150.0],[5.0,155.0],[5.0,160.0],[5.0,165.0]],"g":{"5._192._0.08":[2.8352037746573115,3.1901291192402748,3.549725041524794,4.184303309372861,5.058731545792085,6.632344183231047,8.975954216304311,11.409095988091549,15.4765681397811,18.38417650247667,20.66985059838383,24.176758890375044,26.833093373486637,33.44490218119475,39.85876600032403,41.77143667494844,43.51720133520844,45.24684626497739,46.59413359000545,47.75917046010746,48.76043324050112,49.594581463395556,50.21867740291259,50.92885251163796,51.417498224611826,51.660124051176986,52.06107478911828],"5._24._0.075":[0.8740059532267971,1.1958031759615417,1.4813847491413035,1.8198213217004298,2.111467924224724,2.451192833744128,2.7884280903326584,3.0455156868689746,3.40046745281678,3.6601707651911433,3.888757214105778,4.298551793272797,4.66031037817045,5.8042739076970555,7.302330202635398,7.837885773852051,8.383322313890218,8.98586837601353,9.514845063800944,10.017928703119475,10.499620378535797,10.946260211055293,11.31130832281885,11.771007028114354,12.123601840985003,12.31542043587917,12.670476788449449],"5._384._0.0875":[3.5279216823919595,4.208920196839162,5.148099146073536,6.833823353971776,8.931277845111213,12.333030111044046,16.98115174714072,21.52311697909143,28.67403310280588,33.5365947845326,37.22922866976511,42.662447566599354,46.61390307041604,55.81805783201137,63.94242310439511,66.20572340271981,68.22254110407617,70.17158824650235,71.65743977954116,72.92389691330236,74.00005830823012,74.88956588904755,75.55168523824611,76.30346941025616,76.81808827534729,77.07203439847773,77.48852416519485],"5._48._0.075":[1.5268463243731418,1.8679037053125445,2.162243131656487,2.506080871817982,2.80014211742724,3.144528068106387,3.5340911844968423,3.9511614468552754,4.786451256084842,5.48602421481353,6.090094627802468,7.109856260364635,7.950481065404372,10.348825628258382,13.120309471602651,14.046174567090883,14.952019476672731,15.914331455807606,16.724965876904523,17.469052809951307,18.15396038136952,18.764173518608516,19.246269671302286,19.828548143063077,20.2571416395048,20.482562438142505,20.879869277146458],"5._96._0.075":[2.209271810327416,2.5553235749751217,2.8519316863904245,3.2021936900612715,3.54542552411416,4.133868450497383,5.1104450675707325,6.23256007882683,8.278595288184256,9.835361691119791,11.106006953248189,13.138953949059205,14.737773441259405,18.98824369197339,23.483244871402775,24.909264899124757,26.25643610434007,27.63986486260371,28.761804936120782,29.761214345308364,30.649041349016727,31.411908347017217,31.996397276159684,32.676898915034045,33.15661247233614,33.39940118652912,33.807927815110915]},"logtime":[-8.5,-7.8,-7.2,-6.5,-5.9,-5.2,-4.5,-3.963,-3.27,-2.864,-2.577,-2.171,-1.884,-1.191,-0.497,-0.274,-0.051,0.196,0.419,0.642,0.873,1.112,1.335,1.679,2.028,2.275,3.003]}
