{"bore_locations":[[0.0,0.0],[5.0,0.0],[10.0,0.0],[15.0,0.0],[20.0,0.0],[25.0,0.0],[30.0,0.0],[0.0,5.0],[30.0,5.0],[0.0,10.0],[30.0,10.0],[0.0,15.0],[30.0,15.0],[0.0,20.0],[30.0,20.0],[0.0,25.0],[30.0,25.0],[0.0,30.0],[30.0,30.0],[0.0,35.0],[30.0,35.0],[0.0,40.0],[30.0,40.0],[0.0,45.0],[30.0,45.0],[0.0,50.0],[30.0,50.0],[0.0,55.0],[30.0,55.0],[5.0,5.0],[10.0,5.0],[15.0,5.0],[20.0,5.0],[25.0,5.0],[5.0,10.0],[25.0,10.0],[5.0,15.0],[25.0,15.0],[5.0,20.0],[25.0,20.0],[5.0,25.0],[25.0,25.0],[5.0,30.0],[25.0,30.0],[5.0,35.0],[25.0,35.0],[5.0,40.0],[25.0,40.0],[5.0,45.0],[25.0,45.0],[5.0,50.0],[25.0,50.0],[5.0,55.0],[25.0,55.0],[10.0,10.0],[15.0,10.0],[20.0,10.0],[10.0,15.0],[20.0,15.0],[10.0,20.0],[20.0,20.0],[10.0,25.0],[20.0,25.0],[10.0,30.0],[20.0,30.0],[10.0,35.0],[20.0,35.0],[10.0,40.0],[20.0,40.0],[10.0,45.0],[20.0,45.0],[10.0,50.0],[20.0,50.0],[10.0,55.0],[20.0,55.0]],"g":{"5._192._0.08":[2.8352140102138965,3.190972094683569,3.5579841300354604,4.235178620631941,5.228789485356879,7.196256801602444,10.534567958461258,14.434472386218616,21.56990463734018,26.913202762599667,31.138608365890974,37.51478799223488,42.196473197722256,53.02475613076941,62.27498830068614,64.79285198136917,67.00728663015022,69.12558616088926,70.72233799876584,72.07647779194052,73.2191807757593,74.15851714804715,74.85644512913564,75.64688645351174,76.18754623878729,76.45445641384195,76.89324921422845],"5._24._0.075":[0.8740059532267973,1.1958031759615422,1.4813847491413024,1.8198213217004298,2.111467924224723,2.451192833911035,2.7884304443249497,3.045661662281582,3.404085248994622,3.673120101205095,3.9158624289048443,4.3646289721189735,4.775508181926611,6.170841593784964,8.236256042963767,9.043887769384586,9.902106474964182,10.888128649391676,11.78295126086105,12.654487457734218,13.50159332757591,14.291060482311275,14.933005624229033,15.722625867031471,16.302356732480078,16.603561397149967,17.11910263418293],"5._384._0.0875":[3.5386224809834284,4.27051307611449,5.348929438230755,7.487591731502334,10.49353876348159,16.00896446811916,24.314605518463836,32.752063043013735,45.78218928519416,54.17823899812621,60.24485901204189,68.64048415598081,74.37135782985754,86.65319578480484,96.54482506040381,99.18283640148015,101.51143755512129,103.74277452352955,105.43721261663283,106.87894577488416,108.10455486373468,109.11914056096056,109.87494247639529,110.73510568127084,111.32357799066837,111.61344149823542,112.08731341226138],"5._48._0.075":[1.5268463243731407,1.8679037053125405,2.162243131656491,2.506080872611364,2.8001442176661504,3.144877248526366,3.5404696216765665,3.979635399084476,4.909875120624543,5.742744027297764,6.502952011167546,7.871185963809516,9.078255951356494,12.851639887024975,17.64930088686809,19.309338634219934,20.93177372600863,22.638034223867347,24.0417784779875,25.295691571798162,26.40538128913056,27.348327920570988,28.058045061225727,28.863261605533886,29.41464032393148,29.688821918434297,30.14326384295069],"5._96._0.075":[2.2092619209324953,2.5553055666617834,2.851905871159014,3.2026876646581095,3.551531521106346,4.174988269818883,5.28059159489146,6.6630026790161665,9.479869768332021,11.857440122246187,13.919597619870387,17.371512751354242,20.176315185161904,27.64437196713439,35.15481384856137,37.37748416885572,39.38438827605506,41.34456893919593,42.84043285099885,44.113717783196336,45.18797873869853,46.06802003504519,46.719178120952385,47.45130070542648,47.95119029449304,48.19874179562473,48.608863421628605]},"logtime":[-8.5,-7.8,-7.2,-6.5,-5.9,-5.2,-4.5,-3.963,-3.27,-2.864,-2.577,-2.171,-1.884,-1.191,-0.497,-0.274,-0.051,0.196,0.419,0.642,0.873,1.112,1.335,1.679,2.028,2.275,3.003]}
