{"bore_locations":[[0.0,0.0],[0.0,40.0],[5.0,0.0],[5.0,40.0],[10.0,0.0],[10.0,40.0],[15.0,0.0],[15.0,40.0],[0.0,5.0],[15.0,5.0],[0.0,10.0],[15.0,10.0],[0.0,15.0],[15.0,15.0],[0.0,20.0],[15.0,20.0],[0.0,25.0],[15.0,25.0],[0.0,30.0],[15.0,30.0],[0.0,35.0],[15.0,35.0],[7.5,8.0],[7.5,16.0],[7.5,24.0],[7.5,32.0]],"g":{"5._192._0.08":[2.8351628361920165,3.1868054047612775,3.5194425014509974,4.034261897292192,4.703739033702754,5.962696749340307,8.012452279518492,10.277287026586677,14.116867238724952,16.78444784290071,18.800498549233957,21.73025750801041,23.810570855532895,28.509807914283297,32.47374264436566,33.5531911166691,34.51116177674711,35.43552405123954,36.142839123326326,36.74518075066815,37.258974845541815,37.68531758028336,38.00271452292085,38.36364224445966,38.610266775123755,38.73159847959083,38.9292599082117],"5._24._0.075":[0.874005953226797,1.195803175961542,1.481384749141308,1.8198213217004335,2.1114679242247227,2.4511928330763975,2.788418673305684,3.0449336291103064,3.3866901560093967,3.6145325875840033,3.8010866047751666,4.1192418735890906,4.395378133176947,5.297121566405144,6.585749729313428,7.073941118427813,7.583106439033022,8.15497487837232,8.661260252110894,9.142578631343156,9.599687240049207,10.016417958497733,10.348731432460033,10.751176894102901,11.041873013268624,11.19063930568199,11.440758415374495],"5._384._0.0875":[3.489015294355486,4.033799923843057,4.7535725796719746,6.115984976149539,7.957564628186365,11.13175083816206,15.49715402408615,19.56508940257129,25.391901402299652,28.943233074832417,31.44433027410756,34.86454820336213,37.179851490548515,42.1843330455541,46.27802444143149,47.38126478342864,48.36311503223758,49.311583455696905,50.04009433135148,50.66125359495393,51.1930333876155,51.63588443574116,51.9659383218816,52.34229539729108,52.59943468790607,52.72577043831398,52.931046630083586],"5._48._0.075":[1.5268463243731423,1.8679037053125418,2.162243131656476,2.5060808686438207,2.800133715449931,3.1431408472824436,3.5103848837870215,3.8589695707223757,4.502316316189344,5.044426579832137,5.528866252487682,6.386684279396166,7.127664828068744,9.352843754606786,11.980163939738642,12.839397213817902,13.66049356116856,14.506480523557771,15.191748367945461,15.796190411839255,16.327916491817277,16.778904523580557,17.1181945267422,17.505362640214173,17.77112023637636,17.902707355816727,18.11813855293153],"5._96._0.075":[2.2092718103274036,2.5553235616971084,2.851912519275822,3.2000069431507296,3.5222766591494223,4.00717884832881,4.756057595204926,5.6449169431034765,7.400481360918528,8.825326242427044,10.020211237974125,11.948913659516657,13.45452133711772,17.289101293223975,20.948448061145086,22.00332344890346,22.955510053112036,23.887500142091284,24.607468338649515,25.22272711061862,25.74844819894794,26.184518828759842,26.50864946578353,26.875726761130682,27.126288531335994,27.24968780892263,27.45104723862411]},"logtime":[-8.5,-7.8,-7.2,-6.5,-5.9,-5.2,-4.5,-3.963,-3.27,-2.864,-2.577,-2.171,-1.884,-1.191,-0.497,-0.274,-0.051,0.196,0.419,0.642,0.873,1.112,1.335,1.679,2.028,2.275,3.003]}
