{"bore_locations":[[0.0,0.0],[0.0,30.0],[5.0,0.0],[5.0,30.0],[10.0,0.0],[10.0,30.0],[15.0,0.0],[15.0,30.0],[0.0,5.0],[15.0,5.0],[0.0,10.0],[15.0,10.0],[0.0,15.0],[15.0,15.0],[0.0,20.0],[15.0,20.0],[0.0,25.0],[15.0,25.0],[7.5,6.0],[7.5,12.0],[7.5,18.0],[7.5,24.0]],"g":{"5._192._0.08":[2.8351612916549174,3.1868118480930505,3.5214760491745505,4.05541257046864,4.771496959063462,6.12565548187168,8.290021197651777,10.617578986370207,14.43343219344073,17.00258897338687,18.90655991463661,21.62426801164568,23.52280167025776,27.74646832744757,31.265776505863187,32.22033513840285,33.06835088365426,33.887389707677684,34.515597443151904,35.05088784987197,35.508395902047724,35.88874698113723,36.17203324658834,36.49453298790829,36.71486144283248,36.82317859241036,36.99934126554211],"5._24._0.075":[0.8740059532267969,1.1958031759615408,1.4813847491413077,1.8198213217004344,2.1114679242247263,2.451192833046527,2.788418287458567,3.0449206951020633,3.38724757051266,3.61850403632618,3.811381364984323,4.146977082287915,4.442544645371403,5.413478476339766,6.781701103121397,7.291352600640382,7.8165537505901765,8.398984539340237,8.907547084916636,9.384864022289396,9.831958727375463,10.233791670273815,10.549942179579354,10.927052327407726,11.194866351434037,11.330130421717449,11.554449103316042],"5._384._0.0875":[3.492053721540635,4.059924988462409,4.831616160647287,6.295250843698073,8.237966962975912,11.485751935408194,15.788001538866416,19.65783869681176,25.023377870409895,28.214597935016197,30.436395983107474,33.4532649761495,35.485214833814986,39.8730027276945,43.466962885258845,44.436812830029055,45.3015964174609,46.138365231134905,46.78261142032229,47.33220364407575,47.803456786665606,48.19645061624461,48.48940624074326,48.82367353732015,49.05200308691436,49.1641229433298,49.34607296631648],"5._48._0.075":[1.5268463243731418,1.8679037053125405,2.162243131656477,2.506080868502034,2.8001333694180275,3.143123764336332,3.5117741342402353,3.869847203468731,4.553213060341413,5.1373427818355735,5.659087925892351,6.57554494440892,7.357716813213112,9.649828684776594,12.258669789309865,13.088698811742663,13.87190080517147,14.668765310395022,15.306598615779649,15.863754483050641,16.349763364999447,16.759133394456633,17.065511273163285,17.413840689640484,17.65204476731939,17.769591021507456,17.961321479632183],"5._96._0.075":[2.209271810327407,2.555323561105395,2.8519117587431215,3.1999948076739755,3.523597835586041,4.0240024863817885,4.8240099032301815,5.781399711036753,7.6457389772889846,9.126575202466062,10.34706179841653,12.279051484227715,13.757850810805675,17.423446758352718,20.80195216851114,21.757216773287116,22.61472641002419,23.450180757546274,24.094123893208806,24.64343073330391,25.112774325089926,25.502323683358696,25.791924853668867,26.120290025742555,26.344357234454808,26.454584900774663,26.634076144186242]},"logtime":[-8.5,-7.8,-7.2,-6.5,-5.9,-5.2,-4.5,-3.963,-3.27,-2.864,-2.577,-2.171,-1.884,-1.191,-0.497,-0.274,-0.051,0.196,0.419,0.642,0.873,1.112,1.335,1.679,2.028,2.275,3.003]}
