{"bore_locations":[[0.0,0.0],[0.0,35.0],[5.0,0.0],[5.0,35.0],[10.0,0.0],[10.0,35.0],[15.0,0.0],[15.0,35.0],[0.0,5.0],[15.0,5.0],[0.0,10.0],[15.0,10.0],[0.0,15.0],[15.0,15.0],[0.0,20.0],[15.0,20.0],[0.0,25.0],[15.0,25.0],[0.0,30.0],[15.0,30.0],[7.5,5.83333333333333],[7.5,11.666666666666698],[7.5,17.5],[7.5,23.3333333333333],[7.5,29.1666666666667]],"g":{"5._192._0.08":[2.835160935436525,3.1868513061797277,3.522109226552801,4.058916910217595,4.781510018290014,6.155106271693841,8.369821364191848,10.777765611330146,14.783755827914032,17.52151619899021,19.569902332327192,22.518771516729682,24.59476989483064,29.244190199866043,33.13724172826346,34.19463786458545,35.13323160485285,36.039095928542785,36.73288755324075,37.3238518922433,37.82836999898943,38.247363054570414,38.55936080688802,38.914340857540715,39.15689045809694,39.27618103620443,39.47037598309252],"5._24._0.075":[0.8740059532267971,1.1958031759615422,1.4813847491413066,1.8198213217004344,2.111467924224723,2.451192833029333,2.7884181637710057,3.0449223679137036,3.3875054399047,3.6194984330958744,3.8133650903874146,4.151324756046323,4.44957541723896,5.433025518385966,6.829452746302856,7.353087038054823,7.895090545108844,8.499132438536055,9.029485349594106,9.529953484634133,10.001468552655254,10.42783130739095,10.765247331993033,11.170271049178728,11.459983984264111,11.607145831300443,11.852645644486135],"5._384._0.0875":[3.492882462594741,4.064071643976168,4.843212833654895,6.32915152161983,8.317905631947884,11.683968967575979,16.2195342970227,20.370183535226886,26.217212075483175,29.73588961660947,32.1988233415454,35.55313638311747,37.81707658312739,42.705041103641946,46.70377146823235,47.78188318594358,48.742189667894486,49.67052656439825,50.384344462428395,50.993125363250996,51.51469072610566,51.94932034356942,52.273284260047234,52.64281521074822,52.895270209720856,53.0192752733766,53.220652427162804],"5._48._0.075":[1.5268463243731383,1.8679037053125402,2.1622431316564765,2.506080868423246,2.800133256061025,3.1431338877332955,3.5122567216395923,3.8719318571039025,4.560741645636349,5.151622754318021,5.6809417372059,6.61433603026378,7.414801619801712,9.782040579873577,12.517866139774474,13.39923687923432,14.235559945620091,15.09132515595599,15.779820080246257,16.383836811381123,16.912527418913104,17.359036532942465,17.69388892823754,18.075011271439244,18.336003635482506,18.464989692110045,18.675773570759805],"5._96._0.075":[2.209271810327404,2.5553235607903275,2.8519115447450543,3.200015964541127,3.5240665650049254,4.026921835955737,4.834061171893603,5.80441961931526,7.707714731810569,9.232651186085834,10.498474652172181,12.518938752669758,14.079401170586774,17.996118836237155,21.664971577866634,22.71146059167286,23.652946116226406,24.57184116662423,25.28044455726192,25.885253615397488,26.401810236035267,26.83026195341878,27.14871708230486,27.509522379936534,27.75575944131046,27.87696539129626,28.07456811972431]},"logtime":[-8.5,-7.8,-7.2,-6.5,-5.9,-5.2,-4.5,-3.963,-3.27,-2.864,-2.577,-2.171,-1.884,-1.191,-0.497,-0.274,-0.051,0.196,0.419,0.642,0.873,1.112,1.335,1.679,2.028,2.275,3.003]}
