{"bore_locations":[[0.0,0.0],[0.0,25.0],[5.0,0.0],[5.0,25.0],[10.0,0.0],[10.0,25.0],[15.0,0.0],[15.0,25.0],[0.0,5.0],[15.0,5.0],[0.0,10.0],[15.0,10.0],[0.0,15.0],[15.0,15.0],[0.0,20.0],[15.0,20.0],[7.5,6.25],[7.5,12.5],[7.5,18.75]],"g":{"5._192._0.08":[2.835162784390543,3.1868967820749936,3.5217514824310125,4.054074677167511,4.762607837367495,6.0904139213023925,8.187755469825778,10.411740806993643,13.99130357982898,16.358531401795247,18.093912091281737,20.548678289655992,22.25025023371322,26.013369087266817,29.13765792124084,29.984425071776105,30.737535147503195,31.465594486520484,32.02493824491679,32.50174617408865,32.90977087723654,33.24936461057747,33.50235332883448,33.79053735312961,33.98739577196025,34.08413360618185,34.24130967626709],"5._24._0.075":[0.8740059532267965,1.1958031759615424,1.481384749141308,1.8198213217004335,2.1114679242247276,2.4511928330720996,2.788418639033064,3.0449394232254496,3.3874623216188593,3.6187036963320653,3.8111243993123245,4.144659034390168,4.437126812337527,5.3912658932545074,6.721517052618911,7.212693224507756,7.715999858090263,8.270645057972233,8.751585383010926,9.199949730714154,9.616992043917447,9.989175361821827,10.28008290694917,10.624789284455106,10.867865815354655,10.989982153193427,11.191441659947373],"5._384._0.0875":[3.4923147089092814,4.057982605657056,4.820658579049535,6.2539674071851765,8.135460753866882,11.231874064936468,15.247049862187206,18.78600677326706,23.609709219876972,26.445565056258655,28.410330390375155,31.071837727105454,32.861661248125294,36.72971653081415,39.90359362353065,40.76101777623556,41.52641714171467,42.26775194658865,42.839293365602494,43.326996539108706,43.74554458393207,44.09485045243022,44.35526123952157,44.65249031751613,44.85548639023518,44.95513359014942,45.116726611627065],"5._48._0.075":[1.5268463243731418,1.8679037053125427,2.1622431316564756,2.5060808686235485,2.800133683566298,3.1431645958860503,3.512038352572462,3.869568365210148,4.54732981377982,5.122602794552038,5.634005564993292,6.527406573667282,7.285110440565232,9.480102273662496,11.930620554723909,12.698640623236782,13.418803687986525,14.14698055813237,14.72682685435799,15.231176139406962,15.669786218827426,16.038441893725267,16.313927002294434,16.62699042269801,16.84088045649392,16.946295382443505,17.11795171920887],"5._96._0.075":[2.2092718103274023,2.55532356161337,2.8519124677149166,3.2000551202234337,3.5238644023306476,4.023146277567882,4.815011082791614,5.754882081893816,7.566872669133539,8.990039049258957,10.152335468739668,11.973218581175017,13.351683840656754,16.719367895921415,19.770422909636817,20.62595545421694,21.39260395294877,22.13858801218981,22.713603977054287,23.203999004757666,23.623331025575396,23.971706990791834,24.230788058809612,24.524822947053536,24.725451355397475,24.82409349740927,24.98452928916188]},"logtime":[-8.5,-7.8,-7.2,-6.5,-5.9,-5.2,-4.5,-3.963,-3.27,-2.864,-2.577,-2.171,-1.884,-1.191,-0.497,-0.274,-0.051,0.196,0.419,0.642,0.873,1.112,1.335,1.679,2.028,2.275,3.003]}
