{"bore_locations":[[0.0,0.0],[0.0,40.0],[5.0,0.0],[5.0,40.0],[10.0,0.0],[10.0,40.0],[15.0,0.0],[15.0,40.0],[0.0,5.0],[15.0,5.0],[0.0,10.0],[15.0,10.0],[0.0,15.0],[15.0,15.0],[0.0,20.0],[15.0,20.0],[0.0,25.0],[15.0,25.0],[0.0,30.0],[15.0,30.0],[0.0,35.0],[15.0,35.0],[7.5,20.0]],"g":{"5._192._0.08":[2.835170068758978,3.1873775111617735,3.5238121252744743,4.0422585708783485,4.675730820680686,5.77065147619262,7.491371116236748,9.412720332304541,12.735935862302583,15.073170165280814,16.849081080266494,19.441809801935015,21.28878484096337,25.477296367296375,29.023594053199165,29.9908510676327,30.849875646111105,31.679325209183204,32.31452804624852,32.85553410858817,33.317206591785755,33.700422664367814,33.98570002532905,34.31010694806243,34.53173723480634,34.64074942186788,34.81826230507517],"5._24._0.075":[0.8740059532267968,1.1958031759615424,1.481384749141308,1.8198213217004349,2.111467924224725,2.4511928331944173,2.788420337548957,3.0450359349564455,3.388887265004769,3.6203739248026743,3.80916293766458,4.1231924261003865,4.384749403075436,5.182315075188425,6.267306702248411,6.677950454559443,7.109256023311873,7.598187023558923,8.035438148543527,8.454732555595376,8.856319003755482,9.225346398883532,9.521540158935188,9.882975781097985,10.145854317842177,10.280949611421297,10.508933026568126],"5._384._0.0875":[3.4943891946547767,4.040375148803086,4.713355159022485,5.8884290785499545,7.433033714365236,10.133811416753947,13.92272707043771,17.492906868789557,22.64123255655335,25.79011382829199,28.01094598610131,31.052687866945654,33.11405209481811,37.576807302255084,41.23259880543493,42.21844254758018,43.096046122624905,43.94406187201493,44.59565485629165,45.15124182582196,45.62697059861039,46.02319751741648,46.31848694156693,46.6551947793449,46.88521602195558,46.99821345937625,47.181770775001006],"5._48._0.075":[1.526846324373142,1.8679037053125425,2.1622431316564765,2.506080869204849,2.8001352003275732,3.143383085419685,3.5139370364721705,3.8674457449912953,4.490348770656598,4.979091448011679,5.39803132274762,6.121284526961562,6.741718855627343,8.63060984685441,10.916299540197242,11.673462775983188,12.401616491244631,13.155527908273466,13.769315773229499,14.312355943243968,14.79178557190238,15.199690169177815,15.507169841387935,15.858847339428118,16.100587276798343,16.22033799539218,16.41633060681391],"5._96._0.075":[2.209271810327409,2.5553235640439755,2.8519159062567163,3.200386489843664,3.5257671002439284,4.015842077954414,4.726992389396811,5.5059924918418,6.9823379831898436,8.182583948099538,9.200052282815651,10.863689625201761,12.175447027615055,15.555156837461194,18.813828533316457,19.757687681388532,20.611224940644668,21.448097501024353,22.095837301857333,22.6498175433471,23.12375085917942,23.517242597008536,23.809803129589323,24.141255823096397,24.367492748601983,24.478888750872862,24.660548083838783]},"logtime":[-8.5,-7.8,-7.2,-6.5,-5.9,-5.2,-4.5,-3.963,-3.27,-2.864,-2.577,-2.171,-1.884,-1.191,-0.497,-0.274,-0.051,0.196,0.419,0.642,0.873,1.112,1.335,1.679,2.028,2.275,3.003]}
