{"bore_locations":[[0.0,0.0],[5.0,0.0],[10.0,0.0],[15.0,0.0],[20.0,0.0],[25.0,0.0],[30.0,0.0],[35.0,0.0],[40.0,0.0],[45.0,0.0],[50.0,0.0],[55.0,0.0],[60.0,0.0],[65.0,0.0],[70.0,0.0],[75.0,0.0],[80.0,0.0],[85.0,0.0],[90.0,0.0],[95.0,0.0],[100.0,0.0],[105.0,0.0],[110.0,0.0],[115.0,0.0],[120.0,0.0],[125.0,0.0],[130.0,0.0],[135.0,0.0],[140.0,0.0],[145.0,0.0],[150.0,0.0],[155.0,0.0],[160.0,0.0],[165.0,0.0],[170.0,0.0],[175.0,0.0],[180.0,0.0],[185.0,0.0],[190.0,0.0],[195.0,0.0],[200.0,0.0],[205.0,0.0],[210.0,0.0],[215.0,0.0]],"g":{"5._192._0.08":[2.8351714246419246,3.1874710261604315,3.5239590099507176,4.034281252004841,4.629468750308108,5.574518281586264,6.876695166466185,8.184079253089699,10.347920974749881,11.898780217182521,13.126757095936123,15.034898335506066,16.50058115017444,20.25838446356583,24.06735087195619,25.239904896311682,26.329394764980922,27.428256321864158,28.301488281899246,29.06676546664674,29.734525898336592,30.298326244254614,30.72381138253352,31.212001396338167,31.550162431268443,31.718762772609672,31.997855769353293],"5._24._0.075":[0.8740059532267972,1.1958031759615417,1.4813847491413064,1.8198213217004333,2.1114679242247236,2.4511928332166057,2.78842065020288,3.0450545706359504,3.389117983678225,3.620066454357437,3.806537595461301,4.110438316803091,4.356388924852568,5.061253014792382,5.910199952562163,6.204622497484528,6.502391920163366,6.830177240083751,7.11799268337394,7.392510491706159,7.65701802260965,7.904595047687296,8.10918768755331,8.371629649820182,8.57724478834577,8.690921656995009,8.906807617850712],"5._384._0.0875":[3.4943879539105005,4.029465795162093,4.656219203640046,5.655857727557255,6.817313419407264,8.639267631012283,11.101905481672729,13.51855372092477,17.38542087113472,20.065671744455233,22.133257126460705,25.23798000983439,27.54259408172654,33.098371310044044,38.233434667487096,39.704855116035056,41.0298757106104,42.32315878337906,43.318133785787595,44.169841713360796,44.896849168461735,45.499637405723355,45.94875521195425,46.45890300213926,46.80830924406634,46.980823040059825,47.26368846110314],"5._48._0.075":[1.5268463243731423,1.8679037053125453,2.162243131656485,2.506080869310323,2.8001354793104034,3.143425717246466,3.514151592539793,3.8646707399914306,4.4596201291737065,4.901318529611496,5.261430013298138,5.844182475498632,6.310639646944524,7.614445694572739,9.117180083205144,9.62274707377478,10.122417650694024,10.659227583795651,11.117802751102987,11.544267732412177,11.94331447076298,12.305322771177629,12.59610955814278,12.955520002325631,13.226482933969526,13.371693368230588,13.634370278529538],"5._96._0.075":[2.209271810327406,2.555323564485237,2.8519165421174866,3.200451234255082,3.525993354648071,4.010227697207382,4.680125891549183,5.361468707112417,6.51360309464035,7.358412080199451,8.039768583080773,9.125583488500176,9.980394059937137,12.28506486962678,14.796988920790486,15.611716346315827,16.394674797963898,17.21233771638006,17.88866072656026,18.500656032823056,19.054936001422572,19.540756455631815,19.91919229956885,20.368849201164956,20.69249467238367,20.85877718514451,21.142462446584677]},"logtime":[-8.5,-7.8,-7.2,-6.5,-5.9,-5.2,-4.5,-3.963,-3.27,-2.864,-2.577,-2.171,-1.884,-1.191,-0.497,-0.274,-0.051,0.196,0.419,0.642,0.873,1.112,1.335,1.679,2.028,2.275,3.003]}
