{"bore_locations":[[0.0,35.0],[20.0,25.0],[0.0,20.0],[15.0,20.0],[25.0,5.0],[30.0,45.0],[20.0,20.0],[10.0,15.0],[0.0,10.0],[15.0,5.0],[5.0,30.0],[10.0,30.0],[25.0,30.0],[30.0,0.0],[5.0,5.0],[0.0,15.0],[20.0,35.0],[15.0,35.0],[15.0,30.0],[15.0,0.0],[20.0,30.0],[20.0,0.0],[5.0,25.0],[25.0,0.0],[5.0,0.0],[30.0,5.0],[25.0,15.0],[10.0,0.0],[20.0,40.0],[25.0,35.0],[10.0,35.0],[15.0,15.0],[0.0,40.0],[5.0,35.0],[10.0,40.0],[0.0,0.0],[15.0,25.0],[0.0,25.0],[30.0,20.0],[0.0,45.0],[25.0,25.0],[15.0,10.0],[20.0,10.0],[25.0,45.0],[30.0,10.0],[0.0,5.0],[5.0,15.0],[20.0,5.0],[0.0,30.0],[30.0,25.0],[25.0,10.0],[20.0,45.0],[10.0,5.0],[25.0,40.0],[5.0,10.0],[30.0,15.0],[15.0,45.0],[10.0,10.0],[30.0,35.0],[10.0,45.0],[30.0,40.0],[10.0,25.0],[5.0,45.0],[5.0,20.0],[15.0,40.0],[10.0,20.0],[25.0,20.0],[30.0,30.0],[20.0,15.0],[5.0,40.0]],"g":{"5._80._0.04":[2.6532850473830014,3.000309380543122,3.2972831673034673,3.643403071086442,3.9548445408563717,4.443133330691351,5.304052455608428,6.4187368573943155,8.766223041918444,10.787634710395093,12.556127894824865,15.534848842423747,17.972764294316654,24.51154570477682,31.164341955551176,33.14469566264545,34.93612548926031,36.68615395097132,38.019518590029314,39.15434640989129,40.110414136857,40.89251416535974,41.471000371588836,42.12127113198988,42.56542762097243,42.785590388352475,43.15130748403004]},"logtime":[-8.5,-7.8,-7.2,-6.5,-5.9,-5.2,-4.5,-3.963,-3.27,-2.864,-2.577,-2.171,-1.884,-1.191,-0.497,-0.274,-0.051,0.196,0.419,0.642,0.873,1.112,1.335,1.679,2.028,2.275,3.003]}
