{"bore_locations":[[0.0,0.0],[5.0,0.0],[10.0,0.0],[15.0,0.0],[20.0,0.0],[0.0,5.0],[20.0,5.0],[0.0,10.0],[20.0,10.0],[0.0,15.0],[20.0,15.0],[0.0,20.0],[20.0,20.0],[0.0,25.0],[20.0,25.0],[0.0,30.0],[20.0,30.0],[0.0,35.0],[20.0,35.0],[0.0,40.0],[20.0,40.0],[0.0,45.0],[20.0,45.0],[0.0,50.0],[20.0,50.0],[0.0,55.0],[20.0,55.0],[0.0,60.0],[20.0,60.0],[0.0,65.0],[20.0,65.0],[0.0,70.0],[20.0,70.0],[0.0,75.0],[20.0,75.0],[0.0,80.0],[20.0,80.0],[0.0,85.0],[20.0,85.0],[0.0,90.0],[20.0,90.0],[5.0,5.0],[10.0,5.0],[15.0,5.0],[5.0,10.0],[15.0,10.0],[5.0,15.0],[15.0,15.0],[5.0,20.0],[15.0,20.0],[5.0,25.0],[15.0,25.0],[5.0,30.0],[15.0,30.0],[5.0,35.0],[15.0,35.0],[5.0,40.0],[15.0,40.0],[5.0,45.0],[15.0,45.0],[5.0,50.0],[15.0,50.0],[5.0,55.0],[15.0,55.0],[5.0,60.0],[15.0,60.0],[5.0,65.0],[15.0,65.0],[5.0,70.0],[15.0,70.0],[5.0,75.0],[15.0,75.0],[5.0,80.0],[15.0,80.0],[5.0,85.0],[15.0,85.0],[5.0,90.0],[15.0,90.0]],"g":{"5._192._0.08":[2.8352040223334867,3.190150960802089,3.5500035794916647,4.18774244353976,5.083949741741618,6.797744702272039,9.66478833977092,13.004653427398482,19.100961441687495,23.66215301328176,27.28401126868377,32.80494256496317,36.918681613711286,46.69775698147242,55.43342882378973,57.87796545590364,60.04752498017155,62.13856235408694,63.72253703104321,65.0694802851212,66.20755162159696,67.14329197607432,67.83855113025355,68.62540377248847,69.16401106083248,69.43032197379232,69.86929658813318],"5._24._0.075":[0.8740059532267973,1.1958031759615426,1.4813847491413035,1.8198213217004304,2.1114679242247236,2.451192833748154,2.78842814722891,3.045519275674487,3.4005747822870656,3.660666968478427,3.890127054509622,4.304136432494816,4.674487558101872,5.8976198326050655,7.675780008795193,8.369026473341881,9.106034526641299,9.953047614289604,10.721936815029986,11.471123735514619,12.200686761810047,12.883104770271029,13.440999961066776,14.134712478771164,14.653536443456618,14.928585858501028,15.414436072784266],"5._384._0.0875":[3.528296072694165,4.213582625974442,5.181068786478963,7.038637714808307,9.619162558682143,14.343588984828646,21.4317357776898,28.640748762746167,39.950741466527205,47.4293242219426,52.94407412104441,60.74825351571187,66.19311270505074,78.13544755104256,87.95128980194,90.58816902021451,92.91518452438785,95.1442683096223,96.83328296055491,98.26963821710036,99.48821445188881,100.49502228040146,101.24466936806917,102.0968734193779,102.68002220688679,102.96749511735781,103.43836851553793],"5._48._0.075":[1.5268463243731423,1.867903705312544,2.162243131656487,2.506080871837143,2.8001421681876333,3.1445368077450424,3.5342968769072742,3.952600113264621,4.801735913496388,5.536681215574917,6.196519734526197,7.374213808680206,8.409731688565456,11.650593237233796,15.768118541669473,17.19344153123022,18.59239267909038,20.072612632700924,21.303392663643695,22.41444404377841,23.412385932229153,24.275109541046024,24.935792287674047,25.701073634838377,26.23758544651282,26.508980401109383,26.966292745920015],"5._96._0.075":[2.209261920932463,2.5553055634231927,2.851901195644143,3.2021495149285957,3.5455173468593166,4.1360969314206395,5.135254916234644,6.342165052569723,8.764955204707302,10.802911692709365,12.56813863107586,15.52217631583244,17.92105078063112,24.351335871928356,30.959022427626117,32.972068321519295,34.81471507701762,36.643787744318175,38.06559879125986,39.292587697368724,40.34181295341757,41.21096072135764,41.858851166065776,42.591687928098516,43.09471526584491,43.34494883440288,43.761405061398314]},"logtime":[-8.5,-7.8,-7.2,-6.5,-5.9,-5.2,-4.5,-3.963,-3.27,-2.864,-2.577,-2.171,-1.884,-1.191,-0.497,-0.274,-0.051,0.196,0.419,0.642,0.873,1.112,1.335,1.679,2.028,2.275,3.003]}
