{"bore_locations":[[0.0,0.0],[0.0,20.0],[5.0,0.0],[5.0,20.0],[10.0,0.0],[10.0,20.0],[15.0,0.0],[15.0,20.0],[0.0,5.0],[15.0,5.0],[0.0,10.0],[15.0,10.0],[0.0,15.0],[15.0,15.0],[7.5,6.66666666666667],[7.5,13.333333333333302]],"g":{"5._192._0.08":[2.8351647654098957,3.1870019296024386,3.522152439946208,4.053234730035851,4.753101588023297,6.044806244243766,8.049311711082694,10.135188381741113,13.41573683361848,15.539856295811123,17.078553199392136,19.235352055092044,20.71948312823841,23.9864412401848,26.69337728940948,27.426970879134828,28.080367460296316,28.712760520865228,29.199495173423564,29.61460089023562,29.970292937430838,30.266684175698973,30.487541073119512,30.73928425440769,30.911225717850375,30.995681768231915,31.132763642110117],"5._24._0.075":[0.8740059532267968,1.1958031759615424,1.4813847491413068,1.8198213217004342,2.111467924224728,2.451192833107241,2.7884191120863417,3.0449632326772083,3.3877382719138542,3.619091492976565,3.8112165500997244,4.142806832922043,4.431757166105383,5.363369779200566,6.64038969892985,7.106086261687892,7.579779536802278,8.097562121580633,8.542654926043523,8.954172795590582,9.333815845796273,9.66995589061417,9.930855543609805,10.238012110819021,10.453232658092256,10.560855761506765,10.737647572071156],"5._384._0.0875":[3.492724650046691,4.056536999397526,4.808508296914031,6.199917065349385,7.996683163712336,10.893136179720965,14.549965059251054,17.69858646111919,21.915429381956674,24.3678444427113,26.059927633029716,28.34835255832928,29.885833526469767,33.21353962319658,35.95045394583936,36.69078806272622,37.352461161108,37.99400218008086,38.48930146611856,38.91206572180314,39.27520570791666,39.578505304372214,39.80463577033268,40.06282241003654,40.23912110556791,40.325632532998625,40.465818783908624],"5._48._0.075":[1.5268463243731418,1.8679037053125456,2.1622431316564765,2.5060808687904665,2.800134106683666,3.1432157028185324,3.5124021379774466,3.8696516110902732,4.541465704093968,5.10527898866411,5.602323668715245,6.463155857685603,7.186694694273159,9.251583130722528,11.501071201964994,12.193800885194127,12.83897657384665,13.4871435858579,14.000784139986672,14.44582539645008,14.831950036928395,15.15604673577814,15.3980186884817,15.673076337389045,15.860919307521614,15.953404546886063,16.10378641579022],"5._96._0.075":[2.2092718103274036,2.5553235623106128,2.8519134161192086,3.2001301005001825,3.524228435075337,4.02274796685743,4.8053387974294495,5.721422024901963,7.460307554350175,8.80511608325137,9.890398971159826,11.568732678639803,12.822364522310849,15.835457525447797,18.518619256405643,19.265500167964422,19.934094245763017,20.58425605469147,21.085753547179657,21.51349961497687,21.879684265099627,22.184292773813247,22.410931239167212,22.66843081749066,22.844131573053932,22.93047242725706,23.070735166691637]},"logtime":[-8.5,-7.8,-7.2,-6.5,-5.9,-5.2,-4.5,-3.963,-3.27,-2.864,-2.577,-2.171,-1.884,-1.191,-0.497,-0.274,-0.051,0.196,0.419,0.642,0.873,1.112,1.335,1.679,2.028,2.275,3.003]}
