{"bore_locations":[[0.0,0.0],[0.0,35.0],[5.0,0.0],[5.0,35.0],[10.0,0.0],[10.0,35.0],[15.0,0.0],[15.0,35.0],[0.0,5.0],[15.0,5.0],[0.0,10.0],[15.0,10.0],[0.0,15.0],[15.0,15.0],[0.0,20.0],[15.0,20.0],[0.0,25.0],[15.0,25.0],[0.0,30.0],[15.0,30.0],[5.0,5.83333333333333],[5.0,11.666666666666698],[5.0,17.5],[5.0,23.3333333333333],[5.0,29.1666666666667],[10.0,5.83333333333333],[10.0,11.666666666666698],[10.0,17.5],[10.0,23.3333333333333],[10.0,29.1666666666667]],"g":{"5._192._0.08":[2.8351828421003793,3.1889162105828097,3.5432029761105506,4.173814256695744,5.0798634687375666,6.821966110237225,9.597280099184662,12.568702566345522,17.441272290397443,20.743120501947004,23.204619983878768,26.73636160750024,29.216375864155445,34.75282341509192,39.37421370838594,40.627785349245926,41.739794916704035,42.81240233037382,43.633324255738835,44.33250411354304,44.92918898432837,45.424588043262325,45.79350017203132,46.213234644600696,46.500078410032486,46.64118173646535,46.87097921802992],"5._24._0.075":[0.874005953226797,1.1958031759615433,1.481384749141307,1.8198213217004335,2.1114679242247254,2.4511928333554143,2.788423074476667,3.045258609640092,3.3967357677809824,3.6521160768201897,3.8784615353155876,4.291850043776406,4.666596515689791,5.913680140693791,7.666489734854778,8.316755594023519,8.983539370669678,9.720523937890082,10.362104727667537,10.963688689323424,11.526497454533475,12.032002889564447,12.429850947427521,12.904207917937574,13.241405994968742,13.412085896363305,13.696048128981584],"5._384._0.0875":[3.5203043126364992,4.199641488261283,5.180276551511109,7.063159175667152,9.554156579021802,13.697730673008198,19.206097189854173,24.20939740286298,31.224857088239265,35.435461302742674,38.3793966814095,42.38356816866399,45.08366557780701,50.90528727970205,55.66200606670417,56.943797599704446,58.08526082886659,59.188439362646484,60.0364231424926,60.75961671332702,61.37910526636609,61.89527451689839,62.28003535692553,62.7189236849628,63.01879585041029,63.16610971032365,63.40539315477605],"5._48._0.075":[1.5268463243731423,1.8679037053125422,2.162243131656476,2.5060808699803925,2.800137628654088,3.1439627653951674,3.5285770212296232,3.940392453278868,4.7934067372374285,5.543524481004366,6.216532827357565,7.39562486126754,8.398376961133817,11.313098663156692,14.61900303107054,15.672760076337998,16.6686263748455,17.683653180745566,18.49681549704643,19.208379263738365,19.82926891646122,20.35224080883121,20.74380666106344,21.188641326985408,21.492966680793185,21.643339916637252,21.889209777450304],"5._96._0.075":[2.209271810327404,2.555323567339309,2.8519216530492066,3.2013484569266835,3.539968849386015,4.122841827165889,5.132565637626151,6.365119690402001,8.759022256174644,10.652158337668455,12.208844087057757,14.670370202681072,16.558361949457574,21.25930158965087,25.627008313049572,26.86815124564095,27.982981926206673,29.06948206263259,29.905955175932835,30.619435261468418,31.228183520428797,31.73269730013102,32.10762015751907,32.53227883216182,32.82212120056376,32.964823832544326,33.19761226122462]},"logtime":[-8.5,-7.8,-7.2,-6.5,-5.9,-5.2,-4.5,-3.963,-3.27,-2.864,-2.577,-2.171,-1.884,-1.191,-0.497,-0.274,-0.051,0.196,0.419,0.642,0.873,1.112,1.335,1.679,2.028,2.275,3.003]}
