{"bore_locations":[[0.0,0.0],[0.0,30.0],[5.0,0.0],[5.0,30.0],[10.0,0.0],[10.0,30.0],[15.0,0.0],[15.0,30.0],[0.0,5.0],[15.0,5.0],[0.0,10.0],[15.0,10.0],[0.0,15.0],[15.0,15.0],[0.0,20.0],[15.0,20.0],[0.0,25.0],[15.0,25.0],[7.5,10.0],[7.5,20.0]],"g":{"5._192._0.08":[2.8351663658925808,3.1870869210357737,3.5216078941912636,4.037835741578408,4.6899149070726205,5.878591920339216,7.777580920679048,9.844350689060867,13.27444080282156,15.599890676513857,17.32808205166118,19.80088730524011,21.531336169822332,25.38916459785127,28.610025902680636,29.48435320604841,30.2613983074769,31.01215859042278,31.588239144229988,32.079142356365914,32.498804573851665,32.84774944270824,33.107634911305034,33.40349454430398,33.60560043285796,33.704946555051336,33.866478982642626],"5._24._0.075":[0.8740059532267968,1.1958031759615422,1.4813847491413077,1.8198213217004353,2.1114679242247267,2.4511928331339767,2.7884194853273234,3.044983677296911,3.3877795440354466,3.6174090388005493,3.804951414351753,4.120721913796074,4.389742533833025,5.246165594921308,6.444965021137562,6.894526860761225,7.3609703418165005,7.8815565541779895,8.339081165477271,8.770638822409719,9.176928391204294,9.543799502813703,9.833517613798032,10.180609387601532,10.428061913692437,10.553319087582594,10.76141959049578],"5._384._0.0875":[3.491666654771148,4.036555039229863,4.734223037156891,6.016731965294465,7.721544157793291,10.611277865038081,14.484320931552226,17.98934975073714,22.865975969468906,25.771763470079236,27.796355138815436,30.54776286937325,32.40200036605496,36.40949278222393,39.69446488918187,40.581219483841494,41.372024527716185,42.13732975474072,42.726667690501834,43.22942227116025,43.660553967384715,44.02011386070993,44.28813727529421,44.59395180153474,44.80283049884675,44.905391220938824,45.07180507572196],"5._48._0.075":[1.5268463243731432,1.8679037053125407,2.1622431316564765,2.5060808689175333,2.800134439947913,3.1432596179608434,3.5121468806320206,3.863020565905418,4.495956902063145,5.014225637206339,5.470787620096626,6.271080069255243,6.957068709296682,8.993903874007302,11.347886602621138,12.102730601487488,12.817264067782439,13.546217357998287,14.131332664855416,14.643267489110713,15.090700973570737,15.468205064292778,15.751008353198518,16.072908783826968,16.293175215310605,16.401885729558153,16.579156757828745],"5._96._0.075":[2.209271810327402,2.555323562842096,2.8519141719794616,3.200193350975481,3.5240082029429076,4.011182245987465,4.7417739234257255,5.583310139820175,7.21549819081575,8.523736592954299,9.610460294207183,11.344230323172535,12.678898824255567,16.007948120271127,19.093766354891258,19.968456849944104,20.75442838525945,21.520882564555926,22.11224308138297,22.6168935256422,23.048349185033743,23.406626836233144,23.673008066089107,23.97510044465487,24.181228056445093,24.282616407449478,24.44765534809854]},"logtime":[-8.5,-7.8,-7.2,-6.5,-5.9,-5.2,-4.5,-3.963,-3.27,-2.864,-2.577,-2.171,-1.884,-1.191,-0.497,-0.274,-0.051,0.196,0.419,0.642,0.873,1.112,1.335,1.679,2.028,2.275,3.003]}
