{"bore_locations":[[0.0,0.0],[0.0,15.0],[5.0,0.0],[5.0,15.0],[10.0,0.0],[10.0,15.0],[15.0,0.0],[15.0,15.0],[0.0,5.0],[15.0,5.0],[0.0,10.0],[15.0,10.0],[7.5,7.5]],"g":{"5._192._0.08":[2.8351678798604345,3.1872177656117713,3.5232854354783685,4.052438428723101,4.737474926415511,5.977489432905987,7.856754647922466,9.757886641432913,12.65721965944212,14.489023102379893,15.799787506923897,17.621687420628838,18.867683164022797,21.602860244685026,23.86907055587442,24.48364661201678,25.03200961694053,25.563482964117686,25.973372450536573,26.32312358373291,26.623239533466247,26.873638232417136,27.060269509428625,27.27314400577993,27.418514658262378,27.48988549628561,27.605605098659062],"5._24._0.075":[0.8740059532267966,1.1958031759615428,1.4813847491413072,1.8198213217004355,2.111467924224728,2.451192833158653,2.7884198333956856,3.0450054383047207,3.388423414909576,3.620332527088513,3.8120682594158315,4.140041187434159,4.422886678754824,5.321234989615849,6.5263437404866025,6.957686304348439,7.391567154083204,7.860314222708644,8.258606025392256,8.623043600790599,8.956058309223891,9.248420146003598,9.473772823909444,9.737610667646901,9.921562602400382,10.01322191695006,10.163325953713956],"5._384._0.0875":[3.493996636696855,4.054659256266985,4.78875306945473,6.121025206876537,7.80352951065869,10.433901019383976,13.640941694839348,16.331370561092573,19.87431599525205,21.916007808617138,23.320390687400792,25.218451029282615,26.493354059266988,29.259069977783355,31.540586806336844,32.158670408518,32.711800316168194,33.24870064288903,33.66382260617443,34.018254057586034,34.32297815575483,34.577691682824415,34.76761085869214,34.98452514114636,35.13260942703353,35.205247646838394,35.322859512661175],"5._48._0.075":[1.526846324373142,1.8679037053125465,2.1622431316564756,2.5060808690348377,2.8001347504925422,3.143312305355372,3.5133861797008517,3.8705310824159427,4.531769197972898,5.077899785965173,5.55462300227648,6.3711748012195075,7.048675915142177,8.939167539808523,10.931806169001842,11.533159553013329,12.089419777562865,12.64489905654875,13.083338715281778,13.462104966217911,13.790303957182326,14.065688463472014,14.271267984243181,14.505221390976585,14.665007991014143,14.743623198045242,14.871293402214993],"5._96._0.075":[2.209271810327403,2.555323563332806,2.8519148805355723,3.2002776648469786,3.525206128924598,4.022767075983574,4.789456780493782,5.670963648218378,7.310927123196966,8.550282587645464,9.533176072028752,11.027135098862418,12.124848504513153,14.717167899186993,16.98976615396995,17.618790577984015,18.181887823775902,18.729541065237587,19.15255691604014,19.51353906417054,19.82305155110091,20.080928561476814,20.27291183541213,20.491317598553422,20.640355442461797,20.71355755380681,20.832334532578137]},"logtime":[-8.5,-7.8,-7.2,-6.5,-5.9,-5.2,-4.5,-3.963,-3.27,-2.864,-2.577,-2.171,-1.884,-1.191,-0.497,-0.274,-0.051,0.196,0.419,0.642,0.873,1.112,1.335,1.679,2.028,2.275,3.003]}
