{"bore_locations":[[0.0,0.0],[0.0,40.0],[5.0,0.0],[5.0,40.0],[10.0,0.0],[10.0,40.0],[15.0,0.0],[15.0,40.0],[0.0,5.0],[15.0,5.0],[0.0,10.0],[15.0,10.0],[0.0,15.0],[15.0,15.0],[0.0,20.0],[15.0,20.0],[0.0,25.0],[15.0,25.0],[0.0,30.0],[15.0,30.0],[0.0,35.0],[15.0,35.0],[5.0,5.71428571428571],[5.0,11.4285714285714],[5.0,17.1428571428571],[5.0,22.857142857142897],[5.0,28.571428571428598],[5.0,34.2857142857143],[10.0,5.71428571428571],[10.0,11.4285714285714],[10.0,17.1428571428571],[10.0,22.857142857142897],[10.0,28.571428571428598],[10.0,34.2857142857143]],"g":{"5._192._0.08":[2.835184813624687,3.189131165423414,3.545356744252871,4.18473873462797,5.108456211113644,6.893791683303347,9.758219103033362,12.850630984813641,17.97789144229745,21.49380098569,24.135828279814266,27.955133356181317,30.656283881555463,36.7270082390543,41.82242652714847,43.20702741309369,44.434518586634255,45.61781145874865,46.52220486570194,47.29223465079107,47.94866207639994,48.49310823643331,48.898459661380734,49.35940021520625,49.67444780546822,49.82949041418244,50.08223708551247],"5._24._0.075":[0.8740059532267969,1.1958031759615428,1.4813847491413072,1.8198213217004329,2.1114679242247245,2.4511928333766897,2.788423490965625,3.045292207209134,3.397695786468975,3.6553847657643024,3.8847837583808427,4.3051460645099295,4.687217908266763,5.963532280485104,7.768767437239841,8.44201458732713,9.134433045173473,9.902404263076468,10.5735678475288,11.205370333295177,11.798961426555039,12.334546995377195,12.757991236619628,13.265431282040101,13.628370661515381,13.81305120099802,14.122144391809702],"5._384._0.0875":[3.523070359780667,4.212454479636687,5.212842058518179,7.14390425862233,9.715792772493083,14.033716908630918,19.849435440958963,25.20630756506176,32.823441142027434,37.44662774652155,40.696828194287484,45.13222952641827,48.13039805060863,54.59644659415324,59.87518606485176,61.29653606638462,62.561010520291184,63.78197172313699,64.7192768822837,65.51843938426437,66.20242574428649,66.77191490416882,67.19638325069776,67.68041453691541,68.01117872373422,68.17371823650619,68.43791707853396],"5._48._0.075":[1.5268463243731418,1.8679037053125436,2.1622431316564783,2.506080870084627,2.8001379975210337,3.1440476392061356,3.530254974914842,3.947034395102561,4.8154773236152,5.582289147498631,6.272233886256382,7.484880999877681,8.52004989295708,11.548648207561097,15.022744221627013,16.140731169064964,17.20212719651548,18.28899828963052,19.163549814235957,19.931821629541396,20.604333790257343,21.172279845984082,21.598428873913814,22.083208632211093,22.415399778596573,22.579817309759886,22.849224368826295],"5._96._0.075":[2.209271810327404,2.5553235677904254,2.851922534655338,3.201486238754876,3.5416057412547253,4.132019664762227,5.161204525149512,6.423520531121944,8.88989838269673,10.853437475052077,12.476521430060279,15.05877837313237,17.053126410372897,22.06898584221572,26.795288696780133,28.149605034722764,29.369011765355335,30.559764827139134,31.477175492469204,32.26029932081243,32.92833033015455,33.48170607380953,33.89289431861205,34.358333149481126,34.676074758107255,34.83261540112632,35.08830304533989]},"logtime":[-8.5,-7.8,-7.2,-6.5,-5.9,-5.2,-4.5,-3.963,-3.27,-2.864,-2.577,-2.171,-1.884,-1.191,-0.497,-0.274,-0.051,0.196,0.419,0.642,0.873,1.112,1.335,1.679,2.028,2.275,3.003]}
