{"bore_locations":[[0.0,0.0],[0.0,35.0],[5.0,0.0],[5.0,35.0],[10.0,0.0],[10.0,35.0],[15.0,0.0],[15.0,35.0],[0.0,5.0],[15.0,5.0],[0.0,10.0],[15.0,10.0],[0.0,15.0],[15.0,15.0],[0.0,20.0],[15.0,20.0],[0.0,25.0],[15.0,25.0],[0.0,30.0],[15.0,30.0],[7.5,17.5]],"g":{"5._192._0.08":[2.835169797270246,3.1873565955049634,3.523698914875385,4.042636415747127,4.679086176627898,5.784197393736978,7.521220830944112,9.445174819621897,12.726518184290763,15.002194652978792,16.715555270613894,19.195492550903992,20.94805815716021,24.891360875775305,28.207689797070817,29.110108757093318,29.911830627391875,30.6862112669186,31.27986277652867,31.785604511672425,32.2175803818633,32.576462301801236,32.84368135091169,33.147716322664856,33.35540951111465,33.457530104994795,33.62368458644538],"5._24._0.075":[0.8740059532267965,1.1958031759615424,1.4813847491413075,1.819821321700434,2.111467924224728,2.451192833189991,2.788420275097119,3.0450321005892036,3.3888169178476653,3.6202641569863396,3.809175680020829,4.123955031722743,4.386735281574301,5.190962817653696,6.2870815737944055,6.700592769215197,7.133340331683953,7.621552622981938,8.055747235442517,8.469798019276292,8.863991439213548,9.223928643814144,9.51103911112572,9.858885661498869,10.10978323915151,10.237858378584402,10.452421756416168],"5._384._0.0875":[3.4942656681079076,4.040971278222298,4.717540376736331,5.9040864016957375,7.463221803343502,10.16301884534146,13.890164278426766,17.34622787563684,22.252941259885226,25.217927538243224,27.29677952527105,30.13327634443982,32.050206205632115,36.196844104975575,39.59485570226279,40.51167357607459,41.32857078021392,42.11854616330715,42.726236545340825,43.24451675523966,43.68864026660027,44.058794317564704,44.33468066206288,44.64936237898076,44.86431248352875,44.96987808467706,45.14125843225491],"5._48._0.075":[1.5268463243731418,1.8679037053125407,2.162243131656477,2.506080869183801,2.800135144607571,3.143374062009305,3.513836878311045,3.8674606132706066,4.492504540274874,4.984813896344954,5.40779569080493,6.138910528757699,6.765429333993832,8.658939013288999,10.915835705620678,11.654609035713799,12.360768942098689,13.087581864576237,13.675894372860066,14.193882654548496,14.649215635163303,15.035190064363924,15.32529586592365,15.656365088908501,15.883427633880977,15.995694427026992,16.179069290951226],"5._96._0.075":[2.2092718103274063,2.5553235639559264,2.851915779142888,3.2003724544342167,3.5256673583250495,4.016048934196492,4.7303960697276555,5.516316610225044,7.007867394592321,8.214725126751047,9.2313005899022,10.879978600880344,12.168730628579155,15.447897264272536,18.55765978776065,19.449629020763542,20.25387427176925,21.0404124287667,21.648325089555986,22.167666587967346,22.611849713614102,22.9806808045161,23.254898035786866,23.56571701843824,23.77782279758467,23.882199280437234,24.052235385654473]},"logtime":[-8.5,-7.8,-7.2,-6.5,-5.9,-5.2,-4.5,-3.963,-3.27,-2.864,-2.577,-2.171,-1.884,-1.191,-0.497,-0.274,-0.051,0.196,0.419,0.642,0.873,1.112,1.335,1.679,2.028,2.275,3.003]}
