{"bore_locations":[[0.0,0.0],[0.0,40.0],[5.0,0.0],[5.0,40.0],[10.0,0.0],[10.0,40.0],[15.0,0.0],[15.0,40.0],[0.0,5.0],[15.0,5.0],[0.0,10.0],[15.0,10.0],[0.0,15.0],[15.0,15.0],[0.0,20.0],[15.0,20.0],[0.0,25.0],[15.0,25.0],[0.0,30.0],[15.0,30.0],[0.0,35.0],[15.0,35.0],[7.5,13.333333333333302],[7.5,26.6666666666667]],"g":{"5._192._0.08":[2.8351674568418495,3.187170378460999,3.5221772684679373,4.037710229470168,4.677134931942406,5.816849124440087,7.647144896094423,9.688011228042658,13.189075689909362,15.638592346284796,17.495556871217573,20.20136659083157,22.126337523806093,26.48490220315927,30.16976794946685,31.17419174979153,32.0659830806098,32.92684691032232,33.585902981577206,34.14719508073352,34.6261006573842,35.02357236226425,35.319467112655275,35.65594603903937,35.885839047683675,35.99892438736497,36.1831006939669],"5._24._0.075":[0.8740059532267966,1.195803175961541,1.4813847491413077,1.819821321700434,2.111467924224724,2.4511928331517994,2.788419736561618,3.044998971323878,3.388082734960557,3.6181161713503402,3.805652136418744,4.119185121750708,4.3830748124551295,5.207149516747439,6.358090459920626,6.795477952820412,7.254062252125338,7.772117309615391,8.233551951446408,8.674438084043137,9.09524618893855,9.48069339794033,9.789251251217742,10.164642497916756,10.436934700659997,10.576635333990497,10.812035919258262],"5._384._0.0875":[3.492348467580125,4.03573852175107,4.717432112030226,5.945501737144653,7.589569830332809,10.45504345486116,14.441659272965673,18.180281967228144,23.556120617539925,26.839360839627677,29.15362332185621,32.32135887434499,34.467176103762974,39.10989246483906,42.91100324558082,43.93578873531772,44.847967229507205,45.729293658174896,46.40638775641261,46.983714091889645,47.47802382372292,47.889705619718406,48.19651912059655,48.546370595417756,48.78538209960519,48.90280183206316,49.09356100667274],"5._48._0.075":[1.5268463243731447,1.8679037053125414,2.1622431316564765,2.506080869002256,2.800134664113307,3.1432955112839607,3.5126197351907824,3.8637541038517735,4.488655694791383,4.989665585414462,5.426591866413335,6.191816095457576,6.852785237760771,8.858929777780533,11.262713009000295,12.054827327017938,12.814538922942909,13.599548076469329,14.23734092395602,14.800934697659951,15.297802053872612,15.720021605936997,16.03804538215206,16.40145270873223,16.65111119181177,16.774759275443646,16.977148276371512],"5._96._0.075":[2.209271810327404,2.5553235631964974,2.8519146831420232,3.200249194856068,3.524474466862927,4.011523500729819,4.728696900365399,5.536520964840269,7.10329974227939,8.381382015395435,9.460719547904393,11.216170949914419,12.59441364449244,16.128041186596064,19.520751791638137,20.501525217192537,21.387819819213718,22.256222205947395,22.92785798606695,23.502096303982146,23.99312967981386,24.400667153545175,24.703638191666467,25.046832864022274,25.28108601167103,25.396437810374614,25.584591786763507]},"logtime":[-8.5,-7.8,-7.2,-6.5,-5.9,-5.2,-4.5,-3.963,-3.27,-2.864,-2.577,-2.171,-1.884,-1.191,-0.497,-0.274,-0.051,0.196,0.419,0.642,0.873,1.112,1.335,1.679,2.028,2.275,3.003]}
