{"bore_locations":[[0.0,0.0],[0.0,5.0],[0.0,10.0],[0.0,15.0],[0.0,20.0],[0.0,25.0],[0.0,30.0],[0.0,35.0],[0.0,40.0],[0.0,45.0],[0.0,50.0],[0.0,55.0],[0.0,60.0],[0.0,65.0],[0.0,70.0],[0.0,75.0],[0.0,80.0],[0.0,85.0],[0.0,90.0],[0.0,95.0],[0.0,100.0],[0.0,105.0],[0.0,110.0],[0.0,115.0],[0.0,120.0],[0.0,125.0],[0.0,130.0],[0.0,135.0],[0.0,140.0],[0.0,145.0],[0.0,150.0],[0.0,155.0],[5.0,0.0],[5.0,5.0],[5.0,10.0],[5.0,15.0],[5.0,20.0],[5.0,25.0],[5.0,30.0],[5.0,35.0],[5.0,40.0],[5.0,45.0],[5.0,50.0],[5.0,55.0],[5.0,60.0],[5.0,65.0],[5.0,70.0],[5.0,75.0],[5.0,80.0],[5.0,85.0],[5.0,90.0],[5.0,95.0],[5.0,100.0],[5.0,105.0],[5.0,110.0],[5.0,115.0],[5.0,120.0],[5.0,125.0],[5.0,130.0],[5.0,135.0],[5.0,140.0],[5.0,145.0],[5.0,150.0],[5.0,155.0],[10.0,0.0],[10.0,5.0],[10.0,10.0],[10.0,15.0],[10.0,20.0],[10.0,25.0],[10.0,30.0],[10.0,35.0],[10.0,40.0],[10.0,45.0],[10.0,50.0],[10.0,55.0],[10.0,60.0],[10.0,65.0],[10.0,70.0],[10.0,75.0],[10.0,80.0],[10.0,85.0],[10.0,90.0],[10.0,95.0],[10.0,100.0],[10.0,105.0],[10.0,110.0],[10.0,115.0],[10.0,120.0],[10.0,125.0],[10.0,130.0],[10.0,135.0],[10.0,140.0],[10.0,145.0],[10.0,150.0],[10.0,155.0],[15.0,0.0],[15.0,5.0],[15.0,10.0],[15.0,15.0],[15.0,20.0],[15.0,25.0],[15.0,30.0],[15.0,35.0],[15.0,40.0],[15.0,45.0],[15.0,50.0],[15.0,55.0],[15.0,60.0],[15.0,65.0],[15.0,70.0],[15.0,75.0],[15.0,80.0],[15.0,85.0],[15.0,90.0],[15.0,95.0],[15.0,100.0],[15.0,105.0],[15.0,110.0],[15.0,115.0],[15.0,120.0],[15.0,125.0],[15.0,130.0],[15.0,135.0],[15.0,140.0],[15.0,145.0],[15.0,150.0],[15.0,155.0]],"g":{"5._192._0.08":[2.835201904348951,3.1914327486583467,3.5626178485073052,4.261685409300026,5.30477386065619,7.381154921319242,10.847818303067188,14.773334958885865,21.73344767174574,26.87286569786702,30.950772947539477,37.19265441378962,41.89488283024542,53.2899713884484,63.914129311155214,67.00113289927431,69.77190806010003,72.47258867157649,74.5334226930042,76.2998838284089,77.79700093718297,79.0297420480155,79.9481833720685,80.98901950516426,81.70439449575538,82.06025175705973,82.65346468794267],"5._24._0.075":[0.8740059532267977,1.1958031759615455,1.4813847491413001,1.8198213217004284,2.111467924224726,2.451192834009505,2.7884318330739304,3.045747633910094,3.4061725601622217,3.6803732134912184,3.930567103977377,4.398022755289664,4.82958077891716,6.303447293557056,8.46402283184799,9.293472474450066,10.16236581409793,11.14694257386445,12.028617817371321,12.879188080304647,13.700428592291056,14.464052254143596,15.086798008576922,15.861566349361551,16.44556831740871,16.759166422345363,17.32817017373434],"5._384._0.0875":[3.5447201339127976,4.302406397135842,5.436748387353637,7.694842006750001,10.822248071418748,16.385410908011984,24.54168353110369,32.8056163519812,45.98158705871152,54.94135487449201,61.70717819859547,71.54295873742679,78.61460861110743,94.68595870696767,108.46473374715004,112.23914423832102,115.57714311378602,118.77753427442791,121.1928795619432,123.24639200429417,124.98136870589315,126.40898527313875,127.4711606542216,128.6762779033697,129.50182398554531,129.90984536086717,130.5821089654929],"5._48._0.075":[1.5268463243731432,1.8679037053125456,2.1622431316564885,2.506080873079462,2.8001454567183965,3.1450825208429105,3.544114614880633,3.995105893225064,4.9680065503424435,5.8475262809757025,6.651372418038752,8.090546702800507,9.345779225259461,13.17324175169069,17.887427277933583,19.499800914354136,21.080269325336698,22.75555480560413,24.1558552940496,25.429337440166073,26.584797373156157,27.596815133284192,28.38367524679578,29.312919854987406,29.98324428347197,30.331754014645707,30.940912999656746],"5._96._0.075":[2.2092619209325024,2.5553055686197954,2.8519086977404036,3.2030117621436585,3.5550852424429906,4.197006771516449,5.357265851506424,6.81841260380918,9.76625218928361,12.197558773622422,14.266162166528623,17.673482828404847,20.411960109320763,27.728293519348064,35.34919526758101,37.72891611558594,39.9342181680828,42.15680582496374,43.91696975181759,45.46116563153092,46.804517429513844,47.93609085654871,48.79259550256799,49.77601695030237,50.4627671858281,50.809385868233065,51.396738875647614]},"logtime":[-8.5,-7.8,-7.2,-6.5,-5.9,-5.2,-4.5,-3.963,-3.27,-2.864,-2.577,-2.171,-1.884,-1.191,-0.497,-0.274,-0.051,0.196,0.419,0.642,0.873,1.112,1.335,1.679,2.028,2.275,3.003]}
