{"bore_locations":[[0.0,0.0],[0.0,5.0],[0.0,10.0],[0.0,15.0],[0.0,20.0],[0.0,25.0],[0.0,30.0],[0.0,35.0],[0.0,40.0],[0.0,45.0],[0.0,50.0],[0.0,55.0],[0.0,60.0],[0.0,65.0],[0.0,70.0],[0.0,75.0],[0.0,80.0],[0.0,85.0],[0.0,90.0],[0.0,95.0],[0.0,100.0],[0.0,105.0],[5.0,0.0],[5.0,5.0],[5.0,10.0],[5.0,15.0],[5.0,20.0],[5.0,25.0],[5.0,30.0],[5.0,35.0],[5.0,40.0],[5.0,45.0],[5.0,50.0],[5.0,55.0],[5.0,60.0],[5.0,65.0],[5.0,70.0],[5.0,75.0],[5.0,80.0],[5.0,85.0],[5.0,90.0],[5.0,95.0],[5.0,100.0],[5.0,105.0],[10.0,0.0],[10.0,5.0],[10.0,10.0],[10.0,15.0],[10.0,20.0],[10.0,25.0],[10.0,30.0],[10.0,35.0],[10.0,40.0],[10.0,45.0],[10.0,50.0],[10.0,55.0],[10.0,60.0],[10.0,65.0],[10.0,70.0],[10.0,75.0],[10.0,80.0],[10.0,85.0],[10.0,90.0],[10.0,95.0],[10.0,100.0],[10.0,105.0]],"g":{"5._192._0.08":[2.8352136520958613,3.1909410982968365,3.557617018936121,4.231692012073561,5.2089379697432,7.080579879343532,10.049254735316849,13.253963150855224,18.6976545098991,22.586755018737527,25.61877563824137,30.200538112658656,33.607054950161526,41.79403540052963,49.297526479265294,51.43831213983745,53.35775659329489,55.225309994721044,56.655366947445614,57.87743418419631,58.91691704521113,59.776143007011235,60.415738206112394,61.14099816151809,61.63781517853928,61.88341336122055,62.28726109352177],"5._24._0.075":[0.8740059532267971,1.1958031759615406,1.481384749141305,1.8198213217004304,2.111467924224725,2.4511928339052003,2.7884303620322637,3.0456564960311145,3.403938378105677,3.672493651170704,3.9143065111810764,4.359415337478971,4.76378298910427,6.1046344831591295,7.975753236943554,8.668284228411263,9.381185177617654,10.175053010882637,10.874659826591808,11.54042503895111,12.175686878872554,12.760531512748859,13.23387061102665,13.819865477665493,14.259219181504559,14.493412824406928,14.912613031747835],"5._384._0.0875":[3.538134010352434,4.265982258106912,5.323600154113365,7.344955411752901,10.0092305385272,14.499804359826923,20.737203006270267,26.80132254362807,36.13154964223355,42.28742525936049,46.85029202712363,53.37581316978195,57.98059853685831,68.27893933396876,76.93005577617609,79.27968428613238,81.36148805167339,83.36358330480529,84.88735468297283,86.18440650671344,87.28730794685593,88.20010011107333,88.8797657250308,89.65253350593633,90.1811486125427,90.44158837367904,90.86746839285043],"5._48._0.075":[1.5268463243731414,1.8679037053125436,2.1622431316564836,2.5060808725836363,2.800144144247071,3.1448647290583174,3.5401947828362483,3.978001054147106,4.897245720317908,5.705338129625992,6.427583265588935,7.687461765046963,8.756586295848708,11.891302508695992,15.568473578721651,16.79257657227866,17.980496470500025,19.22896978252942,20.265510640275327,21.20344904844066,22.051457586628672,22.791970176722046,23.365613596679857,24.040874698898932,24.522506000784894,24.76890203220524,25.18797335196807],"5._96._0.075":[2.2092718103274134,2.5553235781779975,2.8519363104132864,3.2027258963094085,3.551373035899295,4.172624080283491,5.26143389880786,6.586727391103558,9.14661552032583,11.173924771277877,12.856753528304639,15.571106587756038,17.71095650050098,23.33621822782786,29.100299309240327,30.87482637377118,32.5203735817096,34.177115192705365,35.48970478158585,36.63649734615817,37.63309162295608,38.47096840335697,39.10111868792005,39.82041601082513,40.31700948127215,40.56445145167788,40.97455869860956]},"logtime":[-8.5,-7.8,-7.2,-6.5,-5.9,-5.2,-4.5,-3.963,-3.27,-2.864,-2.577,-2.171,-1.884,-1.191,-0.497,-0.274,-0.051,0.196,0.419,0.642,0.873,1.112,1.335,1.679,2.028,2.275,3.003]}
