{"bore_locations":[[120.0,40.0],[80.0,80.0],[60.0,100.0],[0.0,20.0],[100.0,40.0],[40.0,140.0],[20.0,20.0],[80.0,40.0],[120.0,80.0],[40.0,160.0],[80.0,0.0],[20.0,60.0],[120.0,120.0],[60.0,180.0],[60.0,0.0],[40.0,60.0],[80.0,180.0],[40.0,80.0],[20.0,100.0],[120.0,160.0],[80.0,140.0],[100.0,160.0],[20.0,140.0],[0.0,160.0],[60.0,80.0],[80.0,100.0],[40.0,0.0],[60.0,60.0],[20.0,180.0],[20.0,0.0],[80.0,60.0],[80.0,120.0],[40.0,180.0],[80.0,20.0],[20.0,40.0],[60.0,160.0],[100.0,20.0],[0.0,40.0],[60.0,140.0],[120.0,20.0],[20.0,80.0],[40.0,100.0],[0.0,0.0],[100.0,60.0],[120.0,60.0],[20.0,120.0],[0.0,120.0],[40.0,20.0],[60.0,40.0],[120.0,100.0],[0.0,140.0],[0.0,80.0],[20.0,160.0],[0.0,100.0],[120.0,140.0],[100.0,180.0],[60.0,120.0],[120.0,180.0],[40.0,120.0],[0.0,60.0],[0.0,180.0],[100.0,100.0],[100.0,80.0],[60.0,20.0],[40.0,40.0],[100.0,140.0],[80.0,160.0],[100.0,120.0],[120.0,0.0],[100.0,0.0]],"g":{"20._192._0.096":[2.6532850372300185,3.000309368693044,3.2972820980194584,3.6426574708902333,3.937239043205737,4.281989843986184,4.680591341005386,5.1327640407807555,6.1130901185783655,7.004428461708474,7.822565572538509,9.289877384729353,10.571677684073814,14.407561256766915,18.949003444433764,20.447771772250288,21.86336108324565,23.30225667381256,24.4401032557388,25.429823090020562,26.279254701362117,26.9819667432958,27.503239602689067,28.08857834655078,28.48800879411949,28.686711280513105,29.01940178941766],"20._32._0.016":[2.6532834712060667,3.0003072068013306,3.297279529577625,3.642654526363573,3.9372122466224413,4.2780969453701925,4.614241165171633,4.867255586637972,5.1845172989267425,5.363994828245407,5.487275837166853,5.655509633651546,5.769947752935856,6.041918370895772,6.371179972347733,6.503110238418505,6.648810226587669,6.824746167539104,6.9940039873982975,7.169536255237985,7.353296352579663,7.540158944384636,7.707082811930759,7.9411864581692395,8.14398929760072,8.265327811898958,8.517807814702854],"20._384._0.192":[2.6532850372300953,3.000309406054503,3.2973360258904876,3.6488004398983307,4.002321958743571,4.652892701691946,5.844345792638824,7.366721069967817,10.489765826277875,13.105926419306844,15.345775698884182,19.026032792514115,21.96423587687061,29.568093294156757,36.94967756228836,39.087736746662344,41.003390324277945,42.86092064131044,44.26971422175125,45.46638603215442,46.47439014990041,47.29996301562613,47.911565038321925,48.60064131185146,49.07169311775665,49.30493457613228,49.691185307045345],"20._48._0.024":[2.653284615464517,3.0003088729206864,3.297281552479636,3.6426568719067123,3.9372148019990205,4.278099684307616,4.614244037368338,4.867258535580406,5.184525200066709,5.3642105060583445,5.488762777263208,5.6668169750483335,5.802823292806906,6.228859193823861,6.88666388060522,7.156166601546267,7.450613791696813,7.79982432790498,8.128248971066247,8.460234355394288,8.79725520938295,9.127601068738134,9.411277541486356,9.787104109878088,10.090859225246872,10.26202315615371,10.586255328731681],"20._96._0.048":[2.653285037114046,3.000309368397445,3.297282097596428,3.64265746141992,3.937215420164622,4.2781003292911235,4.614271000149617,4.868875331156123,5.2223311275559015,5.4898148540524065,5.733281433126012,6.186433937854966,6.603521486508114,8.012254385675016,10.035932285760222,10.80542186283982,11.597380447456459,12.474300019330798,13.236468198247918,13.949684623214754,14.611987004514054,15.200942880896257,15.661746235945959,16.20547169048079,16.592709096043173,16.790854097725553,17.129002786135448]},"logtime":[-8.5,-7.8,-7.2,-6.5,-5.9,-5.2,-4.5,-3.963,-3.27,-2.864,-2.577,-2.171,-1.884,-1.191,-0.497,-0.274,-0.051,0.196,0.419,0.642,0.873,1.112,1.335,1.679,2.028,2.275,3.003]}
