{"bore_locations":[[0.0,35.0],[20.0,25.0],[0.0,20.0],[15.0,20.0],[25.0,5.0],[30.0,45.0],[20.0,20.0],[10.0,15.0],[0.0,10.0],[15.0,5.0],[5.0,30.0],[10.0,30.0],[25.0,30.0],[30.0,0.0],[5.0,5.0],[0.0,15.0],[20.0,35.0],[15.0,35.0],[15.0,30.0],[15.0,0.0],[20.0,30.0],[20.0,0.0],[5.0,25.0],[25.0,0.0],[5.0,0.0],[30.0,5.0],[25.0,15.0],[10.0,0.0],[20.0,40.0],[25.0,35.0],[10.0,35.0],[15.0,15.0],[0.0,40.0],[5.0,35.0],[10.0,40.0],[0.0,0.0],[15.0,25.0],[0.0,25.0],[30.0,20.0],[0.0,45.0],[25.0,25.0],[15.0,10.0],[20.0,10.0],[25.0,45.0],[30.0,10.0],[0.0,5.0],[5.0,15.0],[20.0,5.0],[0.0,30.0],[30.0,25.0],[25.0,10.0],[20.0,45.0],[10.0,5.0],[25.0,40.0],[5.0,10.0],[30.0,15.0],[15.0,45.0],[10.0,10.0],[30.0,35.0],[10.0,45.0],[30.0,40.0],[10.0,25.0],[5.0,45.0],[5.0,20.0],[15.0,40.0],[10.0,20.0],[25.0,20.0],[30.0,30.0],[20.0,15.0],[5.0,40.0]],"g":{"5._12._0.006_0.25":[2.653924313968986,3.000994663618834,3.297996946117983,3.643397919065173,3.937972036089582,4.278870808910784,4.615025150526062,4.868045420917586,5.185317872355084,5.365005942715097,5.489559966920188,5.667616469921187,5.803624340992894,6.229664483772182,6.8874757971221285,7.156981457505537,7.451432296381473,7.800647890619185,8.129078153137545,8.461070198173584,8.798099082598801,9.12845431313241,9.412140152658806,9.78798175432751,10.091751159087627,10.26292391559275,10.58717462962963],"5._192._0.096_4.":[2.6534002279450744,3.0096448832137797,3.382665669753505,4.092933606900864,5.16717962636086,7.3445737900049,11.0672655950784,15.37800102314139,23.13154614144637,28.857840174711882,33.356451249655706,40.122991647066044,45.075475082154654,56.592566542906326,66.51506012412608,69.23699525552612,71.64758689657988,73.97073228297319,75.74132385257715,77.24896893682543,78.53126861015231,79.5927070474669,80.38334670305797,81.28162793872912,81.89672812592067,82.20024376620357,82.69732656237662],"5._24._0.012_0.5":[2.6533096498670496,3.000337323482259,3.2973122661743717,3.6426895893779543,3.9372488034113498,4.278134800133817,4.614306256456834,4.868911039832572,5.222367284830343,5.489851226711217,5.733317948144089,6.186470663927065,6.6035583874161095,8.012292065222443,10.035971824515133,10.80546229301884,11.59742198294759,12.474343007681144,13.236512679031875,13.949730691873285,14.612034762944207,15.200992345208961,15.66179716898616,16.205524548180527,16.59276344044905,16.790909230750056,17.129059254674438],"5._384._0.192_8.":[2.762949693613409,3.5329652037890704,4.700410643599395,7.06029065166749,10.389574233870349,16.4265805634787,25.399256062992517,34.46070754361867,48.53527793701001,57.66483898057214,64.31314248017605,73.67693355321775,80.14661587256347,94.44832494006371,106.33492084438,109.56523564832489,112.44408260137998,115.23448174244967,117.38526496812995,119.22310696732511,120.80051857926696,122.11722048393753,123.10030260331953,124.22274483641611,124.99117309458482,125.36937016231768,125.98478175501761],"5._48._0.024_1.":[2.653284615464517,3.0003088729206864,3.297281552479636,3.642656880835692,3.9372384244205074,4.281989200186376,4.680590679062364,5.132763368246884,6.113089434418581,7.004427770054972,7.822564873930199,9.289876670607555,10.571676952880459,14.407560445699682,18.94900249018687,20.44777076082643,21.863360010992512,23.302255533641308,24.440102060870583,25.429821855020368,26.27925342563189,26.981965368781967,27.50323803174978,28.088576376868733,28.48800679219203,28.686709733231933,29.01940269260802],"5._8._0.004_0.166667":[2.651130317570783,2.998020708339531,3.2949079801226695,3.6402096244786093,3.934721216775352,4.275566410180092,4.6116822336653165,4.864680212986828,5.181925340446001,5.3613948772485145,5.484670785380035,5.652897874605605,5.767331577038001,6.039291833137115,6.368542112916236,6.50046826276857,6.646163551992338,6.822093506755266,6.991345111129317,7.1668703169157935,7.35062205013386,7.537474820751777,7.704388600845971,7.938474983480939,8.141259850988178,8.262586342432721,8.515036815616888],"5._96._0.048_2.":[2.65328503711405,3.000309405758858,3.2973360254673203,3.6488004393569136,4.0023219581238685,4.652892701002845,5.844345791897635,7.366721069192276,10.489765825449476,13.105926418433752,15.345775697970135,19.02603279150869,21.964235875872173,29.56809328812234,36.94967753058257,39.08773701038515,41.003391318727665,42.860920427426414,44.269713714703606,45.46638049965338,46.4743757011757,47.29994182765591,47.91154997968436,48.600673953012866,49.07181649653915,49.30512500258937,49.691434232811815]},"logtime":[-8.5,-7.8,-7.2,-6.5,-5.9,-5.2,-4.5,-3.963,-3.27,-2.864,-2.577,-2.171,-1.884,-1.191,-0.497,-0.274,-0.051,0.196,0.419,0.642,0.873,1.112,1.335,1.679,2.028,2.275,3.003]}
