{"bore_locations":[[0.0,0.0],[0.0,115.0],[5.0,0.0],[5.0,115.0],[10.0,0.0],[10.0,115.0],[15.0,0.0],[15.0,115.0],[20.0,0.0],[20.0,115.0],[0.0,5.0],[20.0,5.0],[0.0,10.0],[20.0,10.0],[0.0,15.0],[20.0,15.0],[0.0,20.0],[20.0,20.0],[0.0,25.0],[20.0,25.0],[0.0,30.0],[20.0,30.0],[0.0,35.0],[20.0,35.0],[0.0,40.0],[20.0,40.0],[0.0,45.0],[20.0,45.0],[0.0,50.0],[20.0,50.0],[0.0,55.0],[20.0,55.0],[0.0,60.0],[20.0,60.0],[0.0,65.0],[20.0,65.0],[0.0,70.0],[20.0,70.0],[0.0,75.0],[20.0,75.0],[0.0,80.0],[20.0,80.0],[0.0,85.0],[20.0,85.0],[0.0,90.0],[20.0,90.0],[0.0,95.0],[20.0,95.0],[0.0,100.0],[20.0,100.0],[0.0,105.0],[20.0,105.0],[0.0,110.0],[20.0,110.0],[5.0,5.0],[5.0,110.0],[10.0,5.0],[10.0,110.0],[15.0,5.0],[15.0,110.0],[5.0,10.0],[15.0,10.0],[5.0,15.0],[15.0,15.0],[5.0,20.0],[15.0,20.0],[5.0,25.0],[15.0,25.0],[5.0,30.0],[15.0,30.0],[5.0,35.0],[15.0,35.0],[5.0,40.0],[15.0,40.0],[5.0,45.0],[15.0,45.0],[5.0,50.0],[15.0,50.0],[5.0,55.0],[15.0,55.0],[5.0,60.0],[15.0,60.0],[5.0,65.0],[15.0,65.0],[5.0,70.0],[15.0,70.0],[5.0,75.0],[15.0,75.0],[5.0,80.0],[15.0,80.0],[5.0,85.0],[15.0,85.0],[5.0,90.0],[15.0,90.0],[5.0,95.0],[15.0,95.0],[5.0,100.0],[15.0,100.0],[5.0,105.0],[15.0,105.0]],"g":{"5._192._0.08":[2.8352057035961056,3.1902883993854854,3.5513092681721976,4.195235622198024,5.1064879356783415,6.861534647334702,9.818774179852802,13.288208830521622,19.6883790991289,24.530740154637833,28.409194464827824,34.379565812203985,38.87605249385418,49.72027876264705,59.630072891317404,62.44943039708425,64.96158720864939,67.39200337681382,69.23522957979377,70.8056740154158,72.1318409623428,73.22102715782499,74.03032450373736,74.94559575785283,75.57272643887993,75.88349780046096,76.39818298821645],"5._24._0.075":[0.8740059532267974,1.195803175961547,1.4813847491413028,1.8198213217004309,2.1114679242247285,2.45119283377557,2.788428533931468,3.045543212594155,3.401155366133546,3.6626840315198606,3.8942269773366633,4.313576827001817,4.690093669122534,5.940476331803908,7.7704499874462165,8.486590337462511,9.249894698918762,10.129761145936419,10.93118951210788,11.714758075919747,12.48076466047726,13.20033115056957,13.791141388526068,14.529649313581494,15.08614208535446,15.383628446694756,15.916554101581637],"5._384._0.0875":[3.52999423196453,4.222582192460148,5.207258606882829,7.111331456518204,9.773874469459107,14.689635793631798,22.15669609844305,29.858766472898502,42.16170817541423,50.45286295375245,56.64653817045703,65.52355450956524,71.80011619818576,85.74299739064364,97.3512187569073,100.48319818261706,103.24457157384386,105.88585675008693,107.8793744751732,109.57350406512943,111.00650673449638,112.187311283969,113.066141717306,114.06414050177422,114.74741400535147,115.08468182254529,115.63887118810602],"5._48._0.075":[1.5268463243731276,1.867903705312544,2.1622431316564885,2.5060808719674754,2.80014251320666,3.1445939557070637,3.535310458474473,3.956915454815198,4.818571558933175,5.568633149511311,6.244413113989762,7.4547508842562635,8.522377965179338,11.884241262155971,16.198140900819784,17.703783083452933,19.188801570272844,20.768186854580705,22.089128245744494,23.287770403618854,24.370651872899018,25.312649724660687,26.03868226471892,26.885891253715148,27.48660684160983,27.79391058830898,28.319587079127725],"5._96._0.075":[2.2092619209324735,2.555305563968414,2.851901982715131,3.202239736267057,3.546505569512921,4.142261670348536,5.157876928090779,6.392693882179141,8.887336024650013,10.997020143605177,12.832404575702975,15.921859071852033,18.446345857093338,25.285246491775382,32.42736705474427,34.63634159809644,36.66913733929661,38.69976225094302,40.28899099693257,41.66867217114886,42.85469276859848,43.84177195352061,44.58090421586365,45.420163004217486,45.999033662585916,46.28844913489389,46.773954470662396]},"logtime":[-8.5,-7.8,-7.2,-6.5,-5.9,-5.2,-4.5,-3.963,-3.27,-2.864,-2.577,-2.171,-1.884,-1.191,-0.497,-0.274,-0.051,0.196,0.419,0.642,0.873,1.112,1.335,1.679,2.028,2.275,3.003]}
