{"bore_locations":[[0.0,0.0],[0.0,10.0],[5.0,0.0],[5.0,10.0],[10.0,0.0],[10.0,10.0],[0.0,5.0],[10.0,5.0]],"g":{"5._192._0.08":[2.835172923739841,3.1876250174550504,3.5266762742768005,4.062573520333148,4.738748111382591,5.899230472048001,7.507146569270119,8.9887805639096,11.075021642471887,12.32543119965508,13.200153917342963,14.399404024928955,15.212247066977739,16.993642548532073,18.474243154489557,18.876740616001914,19.23725390288878,19.587693810843824,19.859069812721,20.09087299248157,20.29033701563567,20.457177964830557,20.58159140701033,20.723695185812733,20.820705076731922,20.868287158440452,20.945276166056832],"5._24._0.075":[0.8740059532267965,1.1958031759615428,1.481384749141307,1.8198213217004344,2.1114679242247276,2.451192833240911,2.7884209935195257,3.0450771439551843,3.390053664197883,3.625097551783892,3.8196810869127296,4.149417820293751,4.428866511035236,5.282147815336435,6.337799706735208,6.690312410459378,7.032962569994954,7.390921014351625,7.686070670085695,7.9495257099337016,8.185321736488111,8.388889855111131,8.543870120800028,8.723791926328296,8.848348061708858,8.910079460676386,9.01072789478447],"5._384._0.0875":[3.4982581113162494,4.06512999294392,4.785673515255317,6.020960467502278,7.453715465747411,9.483922196132019,11.7506975693533,13.554037356141706,15.86079806366571,17.171938707660154,18.070390961707737,19.285131260472827,20.10163281612467,21.883024774974903,23.362625858633812,23.764754713612493,24.125588044401724,24.47662174823886,24.748825321642325,24.981365139913652,25.181653160603197,25.349334967787556,25.474376941071963,25.61728990580349,25.714808590647113,25.762604415182427,25.839868648003],"5._48._0.075":[1.5268463243731418,1.8679037053125456,2.1622431316564765,2.5060808694258587,2.800135785563308,3.143483000099373,3.5160979647842856,3.8785304918502423,4.537824916091951,5.064126234484706,5.509244802949968,6.239193858397087,6.815376669195569,8.308702765105174,9.750980846123925,10.167929617029431,10.548795317119502,10.925325370673912,11.220831819657937,11.475134296835684,11.695320633049596,11.880235770028115,12.018376464420529,12.176081131856115,12.283867438575376,12.33684462305628,12.42270852671529],"5._96._0.075":[2.209271810327403,2.5553235649685013,2.8519172418862895,3.200546314114704,3.5278635615329472,4.032273186186682,4.79017412131366,5.622404082991505,7.057024475445821,8.05589545642321,8.808065780110283,9.90132526045556,10.674795465586877,12.439608731439382,13.948642344434687,14.363137292244204,14.734871788170292,15.096925834800645,15.377580363558257,15.617392285020719,15.823715932733156,15.99620505325167,16.12478148541285,16.27144867059056,16.371559599411892,16.420686739244598,16.500226266848518]},"logtime":[-8.5,-7.8,-7.2,-6.5,-5.9,-5.2,-4.5,-3.963,-3.27,-2.864,-2.577,-2.171,-1.884,-1.191,-0.497,-0.274,-0.051,0.196,0.419,0.642,0.873,1.112,1.335,1.679,2.028,2.275,3.003]}
