{"bore_locations":[[0.0,0.0],[5.0,0.0],[10.0,0.0],[0.0,5.0],[10.0,5.0],[0.0,10.0],[10.0,10.0],[0.0,15.0],[10.0,15.0],[0.0,20.0],[10.0,20.0],[0.0,25.0],[10.0,25.0],[0.0,30.0],[10.0,30.0],[0.0,35.0],[10.0,35.0],[0.0,40.0],[10.0,40.0],[0.0,45.0],[10.0,45.0],[0.0,50.0],[10.0,50.0],[0.0,55.0],[10.0,55.0],[0.0,60.0],[10.0,60.0],[0.0,65.0],[10.0,65.0],[0.0,70.0],[10.0,70.0],[0.0,75.0],[10.0,75.0],[0.0,80.0],[10.0,80.0],[0.0,85.0],[10.0,85.0],[0.0,90.0],[10.0,90.0],[0.0,95.0],[10.0,95.0],[0.0,100.0],[10.0,100.0],[0.0,105.0],[10.0,105.0],[0.0,110.0],[10.0,110.0],[0.0,115.0],[10.0,115.0],[0.0,120.0],[10.0,120.0],[0.0,125.0],[10.0,125.0],[0.0,130.0],[10.0,130.0],[0.0,135.0],[10.0,135.0],[0.0,140.0],[10.0,140.0],[0.0,145.0],[10.0,145.0],[0.0,150.0],[10.0,150.0],[0.0,155.0],[10.0,155.0],[0.0,160.0],[10.0,160.0],[0.0,165.0],[10.0,165.0],[0.0,170.0],[10.0,170.0],[0.0,175.0],[10.0,175.0]],"g":{"5._192._0.08":[2.8351720169012338,3.1875203536443104,3.52448093268118,4.040152742551093,4.6740121593394965,5.833648389103163,7.744734454244,9.904506881813512,13.73453275861175,16.562143883924843,18.814043452325787,22.29838546117103,24.951631906026062,31.565019267470287,37.972610764610884,39.883672387753315,41.623933469232526,43.34525502788099,44.68225578913542,45.837705673939794,46.82848063984527,47.6521520092754,48.26814703252167,48.9684367368813,49.45048262389181,49.69018968303544,50.08779554447003],"5._24._0.075":[0.8740059532267973,1.1958031759615426,1.4813847491413032,1.8198213217004293,2.1114679242247236,2.4511928332262514,2.788420786383433,3.0450630381410155,3.389335993794015,3.6209452883661526,3.8088496023672755,4.120050308716824,4.381263856430084,5.213393979409241,6.410382522621339,6.869414266329963,7.352297260392532,7.901346368752785,8.395455851370398,8.874211190158396,9.339930633022483,9.777287625309347,10.137886636100617,10.595234303051754,10.947695883547889,11.139998441094344,11.496629487442519],"5._384._0.0875":[3.4950935872845426,4.037536561462209,4.714270673643162,5.969082921023953,7.687030584089256,10.73042753521436,15.150813668333813,19.605820960310133,26.73748991559727,31.627372814145147,35.35152158829544,40.83609091490335,44.829375302030414,54.11375676210193,62.30018616115677,64.57984036007261,66.60778263894153,68.56400023051016,70.05020404990537,71.31611318567127,72.38918755878545,73.27424135519526,73.93282199164298,74.68003431450556,75.19174756834607,75.44452830556916,75.86020514246414],"5._48._0.075":[1.526846324373142,1.867903705312544,2.162243131656486,2.5060808693562286,2.8001356008101155,3.143446030581711,3.5145468905809913,3.8671095895293273,4.486616759042581,4.988385920286106,5.434060454981486,6.226354190592142,6.916876264695001,9.03493920501849,11.656254264122284,12.556777798029344,13.446265154882788,14.397438259546051,15.202211535683706,15.942270413719822,16.623896629412325,17.230746453038147,17.70943449005419,18.285798914501765,18.7091741573169,18.931933953241845,19.32556425904661],"5._96._0.075":[2.209261920932462,2.5553055530454007,2.8518862133829397,3.2004253695535305,3.526272851230831,4.014233074657783,4.724916298236297,5.5425545571955706,7.166837753472613,8.503397361065751,9.639419853232024,11.513478439256028,13.019994626468394,17.087174237888593,21.420481494005994,22.79758790244306,24.09306985907431,25.41820879791279,26.487046375816167,27.43647305861808,28.276022578609258,28.994394176021896,29.54398550321857,30.182580605606063,30.633163668611495,30.8618397429335,31.249204267107995]},"logtime":[-8.5,-7.8,-7.2,-6.5,-5.9,-5.2,-4.5,-3.963,-3.27,-2.864,-2.577,-2.171,-1.884,-1.191,-0.497,-0.274,-0.051,0.196,0.419,0.642,0.873,1.112,1.335,1.679,2.028,2.275,3.003]}
