{"bore_locations":[[0.0,0.0],[5.0,0.0],[10.0,0.0],[0.0,5.0],[10.0,5.0],[0.0,10.0],[10.0,10.0]],"g":{"5._192._0.08":[2.8351635568339257,3.18685987649175,3.5194341168753853,4.021964695453296,4.625373168858598,5.631213203703021,7.017734131113873,8.301128331626503,10.117778789699045,11.210610651605968,11.976583504775217,13.028692005585269,13.742865870882106,15.311494952074163,16.618169400815415,16.97370980694966,17.292351934429536,17.602231685890924,17.842328567513636,18.047436530328493,18.223984896573956,18.37169673522136,18.48184538753949,18.60766758338057,18.693552413788066,18.735670645551725,18.803797793376237],"5._24._0.075":[0.8740059532267965,1.1958031759615424,1.4813847491413068,1.8198213217004349,2.1114679242247276,2.4511928330881463,2.7884188390440285,3.0449438060593743,3.3868270121676423,3.6139397405790454,3.7971850654668238,4.098986094465467,4.3483461306850195,5.091563856634515,6.003348584673112,6.30869169255662,6.606373821842283,6.918310269197569,7.176309365099972,7.407231942536657,7.614477838086076,7.793880568509998,7.930774556315486,8.090147260210866,8.200733499237531,8.255609007591945,8.345178145421313],"5._384._0.0875":[3.4888288086422636,4.016644434684756,4.656097350048851,5.724643914605977,6.959907389349164,8.718829385823275,10.692998326451791,12.268677784338763,14.289104442978177,15.439317116143096,16.228160365480026,17.295731529216958,18.01381604634192,19.582369160770195,20.886702784603084,21.241361732916218,21.559695690469532,21.869461495310855,22.109738789160463,22.315010727642687,22.4918421881964,22.639906318278147,22.75031584383327,22.876508470046037,22.962608610867996,23.004802522166397,23.072995900320393],"5._48._0.075":[1.5268463243731418,1.8679037053125447,2.162243131656477,2.506080868699679,2.800133863322582,3.14316472586218,3.5104718549266547,3.854845417542254,4.451018321828257,4.9116776892091,5.297016704953429,5.92640690466214,6.423636872828878,7.719212181270855,8.980633064022445,9.346857075629213,9.682185873929484,10.01431289649661,10.275472721434395,10.500494849414341,10.695612308471505,10.859690701170848,10.982362439165628,11.122558142675226,11.218429945956188,11.265557218538145,11.341930946657234],"5._96._0.075":[2.2092619209324726,2.5553055502990443,2.8518822508487456,3.199985852874824,3.5222728206245484,3.9984334914448545,4.675890638522396,5.39760263087033,6.630658201542146,7.489891206956369,8.137933780063445,9.080671485080162,9.748385559930018,11.273174243711193,12.580380605681452,12.94004337232528,13.262876866410474,13.577523541572688,13.821599056356835,14.03034643518104,14.210092929480233,14.360493279700068,14.472700352633987,14.600821880462636,14.688349595590935,14.731324538344243,14.800941414503159]},"logtime":[-8.5,-7.8,-7.2,-6.5,-5.9,-5.2,-4.5,-3.963,-3.27,-2.864,-2.577,-2.171,-1.884,-1.191,-0.497,-0.274,-0.051,0.196,0.419,0.642,0.873,1.112,1.335,1.679,2.028,2.275,3.003]}
