{"bore_locations":[[0.0,0.0],[0.0,25.0],[5.0,0.0],[5.0,25.0],[10.0,0.0],[10.0,25.0],[15.0,0.0],[15.0,25.0],[0.0,5.0],[15.0,5.0],[0.0,10.0],[15.0,10.0],[0.0,15.0],[15.0,15.0],[0.0,20.0],[15.0,20.0],[5.0,6.25],[5.0,12.5],[5.0,18.75],[10.0,6.25],[10.0,12.5],[10.0,18.75]],"g":{"5._192._0.08":[2.8351741863953843,3.1882634860179278,3.5373525772384933,4.143178619535997,4.997873255469941,6.6181007599089305,9.147507493669872,11.788925556347044,15.983003957059116,18.735749624593417,20.74783290610567,23.586443708142955,25.550225127186724,29.882884304659832,33.47196535538805,34.443817654851216,35.30779285993037,36.14269966705547,36.78383256394082,37.33032778677323,37.79787605271334,38.1869417278772,38.47679957411788,38.806983795600395,39.03256257196661,39.14343025610068,39.323615177791915],"5._24._0.075":[0.8740059532267969,1.1958031759615408,1.4813847491413077,1.8198213217004344,2.1114679242247263,2.4511928332025716,2.788421045445075,3.045140860374883,3.3940755487378347,3.6432398297140307,3.8610449148535997,4.2542898782265555,4.607822741658699,5.7720872748730265,7.380226202176751,7.967655649728444,8.564202195104356,9.216617922115507,9.777946051603452,10.298396701216113,10.779623483887729,11.206747090891207,11.539169120387944,11.931068347652245,12.206194492585936,12.344077955523993,12.571134668572862],"5._384._0.0875":[3.512789010960961,4.163451624307049,5.086773094561928,6.834185784646973,9.10204083535811,12.77090544821971,17.46833428022939,21.581756267580705,27.16764270786367,30.44480170085468,32.713384712789185,35.78351460181108,37.84676687623272,42.301402584873564,45.95346938520776,46.93972560289612,47.8199863290366,48.67242587481501,49.329486457214344,49.89016150076515,50.371286000968816,50.77278648399149,51.07212106471546,51.4137839215366,51.64714700092887,51.7617111293263,51.94752403989266],"5._48._0.075":[1.5268463243731418,1.8679037053125405,2.162243131656477,2.5060808692572922,2.8001358154783684,3.1436863472395316,3.5240022264436335,3.9220804439307484,4.730258740892413,5.432829768144059,6.058580233819141,7.144749451428224,8.05830447060512,10.661430492794914,13.517554506707274,14.40445887904231,15.23352566309754,16.069269744932615,16.73263321519266,17.308570208967943,17.80832298383912,18.22758388224634,18.540559560146498,18.895779895029815,19.138328495377795,19.257856438480104,19.452568052732374],"5._96._0.075":[2.2092718103274076,2.5553235643312524,2.851917558322094,3.2009160746228895,3.5355023118367317,4.097263243809056,5.050426046611206,6.19906453105728,8.392461533733863,10.092678009453508,11.46854148303462,13.60543954747809,15.213058541101228,19.114370603926062,22.62612978922212,23.608107835755977,24.487045971539757,25.34141446856395,25.99922684908182,26.559997085792183,27.039178930616504,27.437065237530273,27.73293787346251,28.06866472947046,28.297760831655744,28.41041890046813,28.593726228942344]},"logtime":[-8.5,-7.8,-7.2,-6.5,-5.9,-5.2,-4.5,-3.963,-3.27,-2.864,-2.577,-2.171,-1.884,-1.191,-0.497,-0.274,-0.051,0.196,0.419,0.642,0.873,1.112,1.335,1.679,2.028,2.275,3.003]}
