{"bore_locations":[[0.0,0.0],[0.0,30.0],[5.0,0.0],[5.0,30.0],[10.0,0.0],[10.0,30.0],[15.0,0.0],[15.0,30.0],[0.0,5.0],[15.0,5.0],[0.0,10.0],[15.0,10.0],[0.0,15.0],[15.0,15.0],[0.0,20.0],[15.0,20.0],[0.0,25.0],[15.0,25.0],[7.5,15.0]],"g":{"5._192._0.08":[2.835169469722837,3.187332693904426,3.5235625416258682,4.042883946041353,4.682646457191729,5.801313493538155,7.560151968316116,9.486585685710137,12.714013129307281,14.91412690355804,16.552920312310743,18.902325976242317,20.54859975292621,24.22444869877162,27.297774297100904,28.13254522306131,28.8746325354482,29.591794562091454,30.14225344892876,30.61134410096529,31.012419222452944,31.345946496706134,31.594343672097203,31.877125099713126,32.07028302878385,32.165222810782666,32.319565177673596],"5._24._0.075":[0.8740059532267965,1.1958031759615424,1.481384749141308,1.8198213217004335,2.1114679242247276,2.4511928331846287,2.7884201995762328,3.045027566749336,3.3887371108015327,3.620114237655505,3.8091027520312246,4.124603185075481,4.388729861259154,5.20157320039569,6.312813410699086,6.729961403815689,7.164355278572759,7.651344019372893,8.081366418358783,8.488562759448369,8.873350980964906,9.22199766254238,9.498074542287275,9.829852263641033,10.06703368032835,10.187284944878344,10.387344624111247],"5._384._0.0875":[3.4941094991523753,4.041430406753463,4.722109676453478,5.924096504794645,7.502609933927765,10.19996566127224,13.848851936104701,17.16738702391159,21.79759492384403,24.560528034019235,26.486678390185606,29.10590966486106,30.871820551891055,34.69072697793446,37.82278844141152,38.66845608296655,39.42269412989945,40.15268825264609,40.714906960091824,41.194528814816785,41.605848822209474,41.948901644039026,42.204614466223546,42.496379441863034,42.6956519344267,42.79349085479697,42.95222811935028],"5._48._0.075":[1.5268463243731418,1.8679037053125427,2.1622431316564756,2.5060808691583207,2.8001350772198865,3.143363552797332,3.5137195266023293,3.867384816078826,4.494670373352554,4.991392555263045,5.419804757092543,6.161737214157857,6.79637572096678,8.695090561861797,10.914785249282179,11.630698383114662,12.310171764673694,13.004763635094156,13.563453621279448,14.052848062584541,14.4811792721289,14.842996252952485,15.114238986949626,15.423239350153306,15.634780629621114,15.739200435570952,15.909453656407013],"5._96._0.075":[2.209271810327403,2.5553235638493397,2.8519156255490095,3.2003562651196305,3.525550971809609,4.0161373222253385,4.734023327599434,5.52902856116355,7.041222729277607,8.256261343307644,9.27110252873261,10.89995822237019,12.15952834421259,15.316948372201745,18.256318977298086,19.09107132043628,19.841687754300604,20.57414204616125,21.13967609469519,21.622422137421932,22.035330646172145,22.378324766081132,22.63336373411643,22.922632352920715,23.12000490910507,23.21707866420464,23.375058018079258]},"logtime":[-8.5,-7.8,-7.2,-6.5,-5.9,-5.2,-4.5,-3.963,-3.27,-2.864,-2.577,-2.171,-1.884,-1.191,-0.497,-0.274,-0.051,0.196,0.419,0.642,0.873,1.112,1.335,1.679,2.028,2.275,3.003]}
