{"bore_locations":[[0.0,0.0],[0.0,35.0],[5.0,0.0],[5.0,35.0],[10.0,0.0],[10.0,35.0],[15.0,0.0],[15.0,35.0],[0.0,5.0],[15.0,5.0],[0.0,10.0],[15.0,10.0],[0.0,15.0],[15.0,15.0],[0.0,20.0],[15.0,20.0],[0.0,25.0],[15.0,25.0],[0.0,30.0],[15.0,30.0],[7.5,7.0],[7.5,14.0],[7.5,21.0],[7.5,28.0]],"g":{"5._192._0.08":[2.8351619994628505,3.186752520833827,3.51955978757887,4.0403125061503875,4.728226436259568,6.028070344384858,8.129327484739141,10.423999316494138,14.256525300539296,16.881529041501757,18.84737420027856,21.67977211833264,23.675001088942718,28.14705108469578,31.89443699215745,32.91259737334496,33.816511602157576,34.68903212912509,35.35740294097356,35.92672920877177,36.41281910744506,36.816535865979674,37.11715437804924,37.4591879523753,37.69288142624205,37.807810590258725,37.99488640236864],"5._24._0.075":[0.8740059532267966,1.195803175961541,1.4813847491413077,1.819821321700434,2.111467924224724,2.451192833062686,2.7884184801919725,3.0449223024893945,3.3866096819502696,3.6151015379905447,3.8034993059809996,4.127893642059773,4.41170665283013,5.34278195334716,6.666819991050252,7.1648636250259194,7.681611421095316,8.258756880148889,8.766596109333685,9.246614091190608,9.699645778186671,10.109963485787098,10.435114324774538,10.826043992076645,11.10608339428264,11.248450754742857,11.486116194696246],"5._384._0.0875":[3.4893347039183387,4.041664358627259,4.7823279988568075,6.188522915276659,8.075663481798427,11.285397885038305,15.626400365074174,19.60668405926818,25.220221338353387,28.600562400997916,30.96732380944429,34.1916895425578,36.3684093148798,41.069673812588306,44.9168451786361,45.954232578712954,46.878320307322355,47.77170212541695,48.45869818843817,49.04460624087136,49.54659571103754,49.96492498451099,50.27673503452289,50.63240082051509,50.87537644587597,50.99472160783708,51.18852017986433],"5._48._0.075":[1.5268463243731447,1.8679037053125414,2.1622431316564765,2.5060808685786515,2.8001335431276213,3.143115477862344,3.5103976454626267,3.86152803674152,4.5200167174579065,5.0796487092453795,5.580138125938582,6.463835055409945,7.223380344805953,9.480125533475501,12.101564986516044,12.948286242854616,13.752611895347739,14.576422097797664,15.239878043390412,15.822287263288457,16.33244223636534,16.763573773171487,17.087019351287903,17.45532860690535,17.70760824535113,17.832294870472605,18.036028084154434],"5._96._0.075":[2.209271810327404,2.5553235614244936,2.8519121266348346,3.199969204120678,3.522275664380955,4.01170976222281,4.780683183580726,5.698762586674148,7.502747282680261,8.953518384334261,10.160935647012899,12.092998887177734,13.587933418579762,17.34794267542127,20.877029794569935,21.884563069237696,22.791368978301616,23.676730123828932,24.3597479162878,24.942813960268467,25.440925346169237,25.854159987093947,26.161318900674964,26.509351815007673,26.746866763887155,26.86377270604872,27.05433684216844]},"logtime":[-8.5,-7.8,-7.2,-6.5,-5.9,-5.2,-4.5,-3.963,-3.27,-2.864,-2.577,-2.171,-1.884,-1.191,-0.497,-0.274,-0.051,0.196,0.419,0.642,0.873,1.112,1.335,1.679,2.028,2.275,3.003]}
