{"bore_locations":[[0.0,0.0],[0.0,35.0],[5.0,0.0],[5.0,35.0],[10.0,0.0],[10.0,35.0],[15.0,0.0],[15.0,35.0],[0.0,5.0],[15.0,5.0],[0.0,10.0],[15.0,10.0],[0.0,15.0],[15.0,15.0],[0.0,20.0],[15.0,20.0],[0.0,25.0],[15.0,25.0],[0.0,30.0],[15.0,30.0],[7.5,8.75],[7.5,17.5],[7.5,26.25]],"g":{"5._192._0.08":[2.8351643703796903,3.1869268949218093,3.5203553000828394,4.035632209234826,4.697697200536918,5.926451905317148,7.908799844366956,10.083725577917932,13.736524554944438,16.246660146411728,18.12907383550448,20.844506405394167,22.75897059261554,27.054418064626965,30.657344251793205,31.63665863746843,32.50625438067732,33.345798822315885,33.98904715433488,34.536991753730184,35.00487845837196,35.39350950690269,35.68289020281972,36.01213811885565,36.23708412986984,36.34770465390815,36.527744963023814],"5._24._0.075":[0.8740059532267968,1.1958031759615424,1.481384749141308,1.8198213217004349,2.111467924224725,2.4511928331014317,2.7884190263257524,3.0449553382632883,3.3871547831879862,3.6157309845602406,3.802652193068878,4.119710617902083,4.392820251462485,5.27523768842361,6.523989357505093,6.994707692953451,7.484483941530732,8.033048717304094,8.517161661849112,8.975825767809063,9.409747033649518,9.803640676777311,10.116342420388051,10.493108094324915,10.763523018072704,10.901152082095088,11.131122031553744],"5._384._0.0875":[3.4901255546394805,4.034797255647659,4.745193576357573,6.073093708967332,7.853437426441619,10.898450968064411,15.038796109765787,18.846240019386645,24.225226707008474,27.46725873856015,29.738007550529417,32.832847462090605,34.922726814894965,39.438360164230005,43.13502657418355,44.131993952004066,45.02013987970927,45.87884162609885,46.53923392979351,47.10245533529058,47.58503065256028,47.98719566588265,48.28695271981084,48.62886795534734,48.86244161374305,48.977164464847206,49.16344420497706],"5._48._0.075":[1.526846324373142,1.8679037053125425,2.1622431316564765,2.5060808687628278,2.800134030422866,3.143192269379365,3.5111307353644503,3.860609001131126,4.499434025731459,5.031459537838914,5.503918450522629,6.336424305710959,7.0527472130753495,9.19253947755475,11.695309533835124,12.506696984072471,13.278681619780496,14.070408299377384,14.708908876512645,15.269863158891232,15.761702775285956,16.177702665595948,16.48995233295852,16.84572335635143,17.08949559895313,17.209987953271234,17.406842759884665],"5._96._0.075":[2.2092718103274085,2.555323562194929,2.8519132377249674,3.2000875311587906,3.5230101355035424,4.00875625516151,4.749825680797558,5.6184628527421,7.319258503603456,8.691314816476849,9.83705080162265,11.67701423412214,13.10451064831868,16.70581051734762,20.09532268946245,21.06421380685831,21.936662973015014,22.788866015231612,23.446639743432993,24.008269495012613,24.488219545411013,24.88648661185218,25.182537581347592,25.518016083151505,25.746958013918004,25.85963684365112,26.04327801674626]},"logtime":[-8.5,-7.8,-7.2,-6.5,-5.9,-5.2,-4.5,-3.963,-3.27,-2.864,-2.577,-2.171,-1.884,-1.191,-0.497,-0.274,-0.051,0.196,0.419,0.642,0.873,1.112,1.335,1.679,2.028,2.275,3.003]}
