{"bore_locations":[[0.0,0.0],[0.0,20.0],[5.0,0.0],[5.0,20.0],[10.0,0.0],[10.0,20.0],[15.0,0.0],[15.0,20.0],[0.0,5.0],[15.0,5.0],[0.0,10.0],[15.0,10.0],[0.0,15.0],[15.0,15.0],[5.0,6.66666666666667],[5.0,13.333333333333302],[10.0,6.66666666666667],[10.0,13.333333333333302]],"g":{"5._192._0.08":[2.8351754402567453,3.188143168481585,3.534491816905175,4.122123973415333,4.935162221768324,6.454970187781035,8.791843710939084,11.190084875738906,14.917532571648044,17.315767598224912,19.04885539732574,21.47293451907933,23.138379397715177,26.79754688487095,29.824139185179995,30.64378672665415,31.373578512863027,32.07969970638596,32.62299176900542,33.086311594294166,33.48324742695662,33.8139632766165,34.060407095818846,34.34131711434135,34.53320031743349,34.62746272816131,34.78049502755753],"5._24._0.075":[0.8740059532267964,1.1958031759615422,1.4813847491413075,1.8198213217004355,2.1114679242247285,2.4511928332471684,2.78842143364,3.045139478206705,3.3930545621102266,3.638322015952265,3.849959457011476,4.227458035741884,4.563646572595317,5.659122706391232,7.151203406478846,7.690033508176637,8.233857216300137,8.82439826523121,9.328697522092353,9.792817563359396,10.21893018485081,10.594578349118606,10.885171786148934,11.225954687886416,11.463948458749329,11.582747298889908,11.77763069179007],"5._384._0.0875":[3.5088591444247412,4.138058435447715,5.014622066954455,6.6509857593762,8.744645365413476,12.068116601124007,16.217696522551673,19.771276259666998,24.51613879253919,27.271043074809004,29.170522297398303,31.7374995968351,33.46122556408392,37.1892086820482,40.25329767981054,41.081909065672946,41.822385294840494,42.54023982986685,43.0943695028361,43.56734804975019,43.97359066969115,44.31287216242885,44.56583826929634,44.854669691082364,45.05190785641764,45.14870152608009,45.305569271375525],"5._48._0.075":[1.52684632437314,1.8679037053125456,2.1622431316564765,2.506080869463895,2.800136168659578,3.1436617280088393,3.5219085956668823,3.910409506342306,4.682866733518197,5.345805828167493,5.932042332152574,6.942573119966385,7.785821978681714,10.157597880971,12.702631524943639,13.480495314472357,14.203096192952183,14.927313740829016,15.499798706990768,15.99513875079792,16.42418288444033,16.783799184640564,17.052087261617228,17.35677324744398,17.56476009231505,17.66715611627265,17.83369734434752],"5._96._0.075":[2.2092718103274023,2.555323565168604,2.851918260506528,3.200857169267355,3.5334840048420872,4.080109072859136,4.987531662232407,6.066470347504326,8.100250173673466,9.654531957491793,10.898613832925436,12.808231862196637,14.227078522423248,17.618521614394414,20.623067871267452,21.457595102935795,22.203965932975148,22.929187118758676,23.48810082167464,23.96466978329137,24.372442728859188,24.711510944147836,24.963771271120553,25.250340373123745,25.44589005709357,25.541997725786633,25.698175214245545]},"logtime":[-8.5,-7.8,-7.2,-6.5,-5.9,-5.2,-4.5,-3.963,-3.27,-2.864,-2.577,-2.171,-1.884,-1.191,-0.497,-0.274,-0.051,0.196,0.419,0.642,0.873,1.112,1.335,1.679,2.028,2.275,3.003]}
