{"bore_locations":[[0.0,0.0],[0.0,15.0],[5.0,0.0],[5.0,15.0],[10.0,0.0],[10.0,15.0],[15.0,0.0],[15.0,15.0],[0.0,5.0],[15.0,5.0],[0.0,10.0],[15.0,10.0],[7.5,5.0],[7.5,10.0]],"g":{"5._192._0.08":[2.8351711814013543,3.1877619161150377,3.5300521987323443,4.092350053972336,4.846045715867644,6.226030365575266,8.301646015806089,10.37896592317485,13.521464069334,15.498792833674043,16.91154931578895,18.872602017133534,20.21246432782293,23.15028892524921,25.581789694205543,26.240913949035075,26.828903751768717,27.39868300301964,27.838026505409367,28.212900954378327,28.534542552922407,28.80288099513015,29.002888521067113,29.231021045823017,29.386821853893696,29.46331909418647,29.587366908436255],"5._24._0.075":[0.8740059532267965,1.195803175961542,1.4813847491413066,1.8198213217004344,2.1114679242247285,2.45119283317253,2.7884204452488497,3.0450776854767603,3.391231242253256,3.6310826882034704,3.834200811876476,4.189479548289206,4.501000324208016,5.500154502892341,6.83397784285001,7.307508114996968,7.781213144781125,8.290675036159072,8.72167336973038,9.114874342962088,9.473097792217311,9.786763933623792,10.028064719450208,10.309933726858137,10.506088603242873,10.603728742838797,10.76349911300112],"5._384._0.0875":[3.502951035108636,4.1021182676846255,4.912099940002563,6.394312539684579,8.251758092475313,11.12198110832681,14.595001329381112,17.4984730325936,21.314758329968765,23.51166411917869,25.022151255906795,27.062667289719766,28.43281242316016,31.403766951270235,33.853595240469225,34.5171700430619,35.11096376694695,35.68729155277061,36.13285736527143,36.51328211340298,36.840340494020914,37.113714720973874,37.31755224691423,37.55036585440934,37.70931169123703,37.78728131747946,37.913535295118905],"5._48._0.075":[1.5268463243731418,1.8679037053125458,2.1622431316564765,2.5060808691112553,2.8001352858759265,3.1435101206117877,3.5185458782381347,3.8938257837458465,4.615538123293564,5.222669763731222,5.7542059909967485,6.661109585044995,7.409053123901263,9.473867374906161,11.627812881089339,12.274783066123721,12.872278339628457,13.468077371448969,13.937653596310543,14.34299477885783,14.693880322398936,14.988062080556276,15.207579986864737,15.457259764071907,15.627744146780127,15.711618851192473,15.847848859102404],"5._96._0.075":[2.209271810327403,2.5553235637037206,2.851916258652669,3.2006127849279995,3.530219822586601,4.055842692400081,4.898148492299303,5.879869422948944,7.695974590146078,9.055304631317874,10.126995612407795,11.747734775736093,12.93448191707208,15.727331901290837,18.16795636288144,18.84260051387258,19.44620431858016,20.032976785916762,20.485981307087,20.872483756031464,21.20378005998712,21.479742725429944,21.685182126746238,21.91887558652922,22.078352298963235,22.156687893966236,22.283817115227492]},"logtime":[-8.5,-7.8,-7.2,-6.5,-5.9,-5.2,-4.5,-3.963,-3.27,-2.864,-2.577,-2.171,-1.884,-1.191,-0.497,-0.274,-0.051,0.196,0.419,0.642,0.873,1.112,1.335,1.679,2.028,2.275,3.003]}
