{"bore_locations":[[0.0,0.0],[0.0,40.0],[5.0,0.0],[5.0,40.0],[10.0,0.0],[10.0,40.0],[15.0,0.0],[15.0,40.0],[0.0,5.0],[15.0,5.0],[0.0,10.0],[15.0,10.0],[0.0,15.0],[15.0,15.0],[0.0,20.0],[15.0,20.0],[0.0,25.0],[15.0,25.0],[0.0,30.0],[15.0,30.0],[0.0,35.0],[15.0,35.0],[7.5,5.71428571428571],[7.5,11.4285714285714],[7.5,17.1428571428571],[7.5,22.857142857142897],[7.5,28.571428571428598],[7.5,34.2857142857143]],"g":{"5._192._0.08":[2.8351622192136787,3.186932832966185,3.522598510413625,4.060630844173668,4.78707305850437,6.176233905229876,8.4337215528789,10.909258998978235,15.074035521291732,17.954675332565337,20.12757073411259,23.279856747335863,25.515360883190855,30.55713876154386,34.80345333481621,35.95903050301487,36.984227970654324,37.97316457266292,38.72961846024047,39.37376883596574,39.92312065514981,40.37890318117258,40.718224877090464,41.10408281393436,41.367764187099404,41.49750010986978,41.708896209260395],"5._24._0.075":[0.8740059532267972,1.195803175961542,1.4813847491413068,1.819821321700434,2.1114679242247245,2.4511928330520014,2.7884184669104846,3.044938868026206,3.387771044164756,3.620144366848768,3.814413950599497,4.153437257219755,4.453244668649678,5.446327521771922,6.866807616815766,7.40246210978401,7.958680067034483,8.580834307512795,9.12932957733705,9.649067061244844,10.140960115305258,10.587935610552536,10.943408493737541,11.372501767263921,11.681516511697788,11.839379612182292,12.104403974881272],"5._384._0.0875":[3.493480598044306,4.066101545515,4.849906976918042,6.354011496645642,8.381904152780276,11.84702393823923,16.577999254340174,20.969175006110486,27.243849790767488,31.063088914469233,33.75136996211129,37.425188270968725,39.911041873201945,45.280441342383256,49.66991204062836,50.852539394200306,51.90491508641422,52.92137588883455,53.70198039652418,54.36755085245823,54.93730398349374,55.41174837977269,55.76535698281573,56.1685770307134,56.4440853028881,56.579454066780194,56.7994328131703],"5._48._0.075":[1.5268463243731423,1.867903705312544,2.162243131656476,2.506080868530667,2.800133527041056,3.143170941585358,3.5126622119805915,3.8730350961646813,4.564689424835949,5.160454446162293,5.695941691651459,6.643759149409968,7.459924916422396,9.890329063427478,12.73205660235987,13.6565795317767,14.538085061859043,15.444545896789434,16.177280109090184,16.822778216280742,17.38976001415425,17.870015269559755,18.231029129426517,18.64259057267688,18.9249383559563,19.064720990133967,19.293622065973796],"5._96._0.075":[2.209271810327404,2.5553235612379916,2.8519121549781774,3.200072064157095,3.524466617348279,4.028375983183299,4.839673596504613,5.820225506834013,7.7566138213001805,9.318940853471391,10.62275740519715,12.716919352268075,14.345706071182125,18.476505704873542,22.40258058253732,23.532225440184828,24.55110318284237,25.547649042672642,26.316852624373787,26.97396247307402,27.535151688865373,28.000449905207752,28.346269066987436,28.73784666857547,29.005141485306236,29.136796021752044,29.351690313884696]},"logtime":[-8.5,-7.8,-7.2,-6.5,-5.9,-5.2,-4.5,-3.963,-3.27,-2.864,-2.577,-2.171,-1.884,-1.191,-0.497,-0.274,-0.051,0.196,0.419,0.642,0.873,1.112,1.335,1.679,2.028,2.275,3.003]}
