{"bore_locations":[[0.0,0.0],[0.0,25.0],[5.0,0.0],[5.0,25.0],[10.0,0.0],[10.0,25.0],[15.0,0.0],[15.0,25.0],[0.0,5.0],[15.0,5.0],[0.0,10.0],[15.0,10.0],[0.0,15.0],[15.0,15.0],[0.0,20.0],[15.0,20.0],[7.5,8.33333333333333],[7.5,16.6666666666667]],"g":{"5._192._0.08":[2.835165637745978,3.187031004920172,3.5213455558987583,4.04077002472627,4.709094933661963,5.9397571653195405,7.886569774001082,9.966217195737869,13.336955682472075,15.574546869355562,17.21728934446072,19.543960763060234,21.158193581332558,24.732004967332813,27.702113233001022,28.507422606015847,29.22380074155503,29.916471533851947,30.44873706343993,30.902474918784282,31.29079834856608,31.61402027485428,31.85480742404202,32.12909185401532,32.316444440809725,32.4085049927282,32.558062843012884],"5._24._0.075":[0.8740059532267964,1.1958031759615422,1.4813847491413075,1.8198213217004355,2.1114679242247285,2.451192833122094,2.788419317776049,3.044973410400212,3.387596151052741,3.6172472014068964,3.8056265429874867,4.125801245601284,4.401555301475566,5.2877137307415625,6.5211491195614455,6.9786112476398925,7.44932897879243,7.969992053166164,8.4231498751828,8.846768738518469,9.241891415750468,9.595401420616941,9.872253209342075,10.201049366351974,10.433363095692172,10.550200789434614,10.743121382506292],"5._384._0.0875":[3.49141769162688,4.040805689112824,4.757581974520725,6.085170441500388,7.831917596789576,10.730815514000996,14.514874518438509,17.861096821046182,22.430339385499,25.1191715834642,26.982793909689924,29.508376163153148,31.207298118566275,34.88049845170055,37.895643148990864,38.710314794884695,39.43760304149092,40.14207816081089,40.68525272536578,41.148751032018865,41.546543938763655,41.87853900612284,42.12603987683288,42.408531235220494,42.60145443565442,42.696153232686825,42.84971069989829],"5._48._0.075":[1.52684632437314,1.8679037053125456,2.1622431316564765,2.506080868861052,2.800134290454979,3.1432354726203915,3.51190060554169,3.863742082655698,4.508829254117572,5.044452994612255,5.517626529918412,6.344238235003312,7.047455175712933,9.100797592427828,11.413226723166163,12.141122151960708,12.824770202716554,13.516993937957368,14.069013012642007,14.549548931437473,14.967861541708452,15.319748950750569,15.582826023695587,15.881958287025466,16.08638852287525,16.18714731681782,16.3511986130018],"5._96._0.075":[2.2092718103274,2.5553235626058286,2.8519138309853336,3.2001558076387058,3.5237610197869325,4.013088819770735,4.761170924765721,5.632630481947888,7.3120769192705035,8.63887556809196,9.727522386836293,11.440606831609077,12.741563835191926,15.930461612171387,18.828179317707146,19.64175185124222,20.371171339192596,21.0812550544668,21.628875159549747,22.09599395912269,22.49554405754589,22.827564430163505,23.07449349295895,23.35476132247166,23.545989462978433,23.640002923878303,23.79288319524922]},"logtime":[-8.5,-7.8,-7.2,-6.5,-5.9,-5.2,-4.5,-3.963,-3.27,-2.864,-2.577,-2.171,-1.884,-1.191,-0.497,-0.274,-0.051,0.196,0.419,0.642,0.873,1.112,1.335,1.679,2.028,2.275,3.003]}
