{"bore_locations":[[0.0,0.0],[0.0,40.0],[5.0,0.0],[5.0,40.0],[10.0,0.0],[10.0,40.0],[15.0,0.0],[15.0,40.0],[0.0,5.0],[15.0,5.0],[0.0,10.0],[15.0,10.0],[0.0,15.0],[15.0,15.0],[0.0,20.0],[15.0,20.0],[0.0,25.0],[15.0,25.0],[0.0,30.0],[15.0,30.0],[0.0,35.0],[15.0,35.0],[7.5,6.66666666666667],[7.5,13.333333333333302],[7.5,20.0],[7.5,26.6666666666667],[7.5,33.3333333333333]],"g":{"5._192._0.08":[2.8351608703692106,3.186699227023219,3.5195706334324983,4.0428515165949825,4.739022814022848,6.062900197725623,8.217647177053024,10.589110198266889,14.592630048489978,17.36720945052083,19.461867759628912,22.502967089863276,24.660845852728126,29.531078442917106,33.63581640286018,34.75320605563113,35.744674758232115,36.70120681571397,37.432996013151374,38.056160072552196,38.58766106158225,39.02866268864585,39.35697674381342,39.73031807347095,39.98543626141951,40.110953217135204,40.31545533691805],"5._24._0.075":[0.8740059532267971,1.1958031759615417,1.4813847491413072,1.8198213217004335,2.111467924224724,2.451192833042894,2.788418211372714,3.044908942150018,3.3865272957199357,3.6153224268391226,3.8045135112106188,4.1315383636024565,4.418762114753414,5.36572204215577,6.720905699726244,7.23314149443984,7.766163271682532,8.363514289168922,8.891163647302605,9.39188808405859,9.866531680979211,10.298475557375351,10.642414456718418,11.058203750925554,11.358051100347659,11.511354199253836,11.768893761208867],"5._384._0.0875":[3.489442702604155,4.044966269955405,4.7952026506571865,6.22851564203788,8.164308985636847,11.485684638774854,16.035199609815994,20.265304416573073,26.316247719757662,30.001493736329397,32.59611455488376,36.14298227076282,38.543432434983245,43.73001781852471,47.97125120774145,49.1140848117803,50.13110621786603,51.11347982200607,51.86796519859124,52.511268316193416,53.061981080057244,53.52058357356989,53.862381298976516,54.25213175418077,54.51842981720462,54.64926959883911,54.86187728004538],"5._48._0.075":[1.526846324373142,1.867903705312541,2.162243131656476,2.506080868484627,2.800133302759138,3.1430876470710682,3.510359115720163,3.862604804596787,4.527651430824921,5.0960360169514125,5.605957105761465,6.5091444889623915,7.288152531295865,9.61722585450025,12.35263827171699,13.24467693620639,14.096047390530359,14.972289192618048,15.681262246032029,16.306185915323166,16.855477748412905,17.321031252916068,17.671124590998836,18.070412601815704,18.344407814432635,18.480063218282826,18.702180940578312],"5._96._0.075":[2.2092718103274023,2.5553235610315768,2.8519115868510534,3.1999295584307883,3.5222297418107766,4.013612835879308,4.791561035457416,5.725959980763115,7.572795593317915,9.067242487692669,10.317241476287421,12.329456483688327,13.897065334279638,17.88015396496326,21.672754689826593,22.764921418547605,23.750351167125825,24.71450218145654,25.45898331435926,26.09507322998872,26.63844125062079,27.089049134646775,27.42396617763477,27.803226553905763,28.062109011740667,28.189613552181733,28.397705036659318]},"logtime":[-8.5,-7.8,-7.2,-6.5,-5.9,-5.2,-4.5,-3.963,-3.27,-2.864,-2.577,-2.171,-1.884,-1.191,-0.497,-0.274,-0.051,0.196,0.419,0.642,0.873,1.112,1.335,1.679,2.028,2.275,3.003]}
