{"bore_locations":[[0.0,0.0],[0.0,25.0],[5.0,0.0],[5.0,25.0],[10.0,0.0],[10.0,25.0],[15.0,0.0],[15.0,25.0],[0.0,5.0],[15.0,5.0],[0.0,10.0],[15.0,10.0],[0.0,15.0],[15.0,15.0],[0.0,20.0],[15.0,20.0],[7.5,12.5]],"g":{"5._192._0.08":[2.835169063879736,3.1873015843404118,3.5233933817767276,4.04347112593589,4.688812269514357,5.829638775480363,7.618711062386892,9.545879631457671,12.700175649103544,14.80557985562017,16.35463181054751,18.552611251603377,20.079481602574923,23.464853437176107,26.282180703106082,27.046487224969788,27.726562862123252,28.38428434037525,28.889829700758668,29.32080607740153,29.689700086435334,29.996781339612355,30.22553864176717,30.48611941649302,30.664098447789407,30.751545800050827,30.893586595286187],"5._24._0.075":[0.8740059532267965,1.1958031759615428,1.481384749141308,1.8198213217004362,2.1114679242247285,2.4511928331780086,2.788420106197756,3.0450218456835656,3.3886325484673203,3.6199484751606614,3.8091179972025664,4.125837573727386,4.392216001969537,5.21944497506787,6.352576688843227,6.774267679360054,7.210214019180217,7.694762492617509,8.118597888062192,8.5163481569974,8.888747952653393,9.223067159239987,9.485584909059776,9.798300229224946,10.019828115622106,10.1314075144537,10.315874510512577],"5._384._0.0875":[3.4939241705891044,4.042376139159062,4.730004584643474,5.956847446025895,7.561939749135504,10.252492411299217,13.798032639881864,16.94854391624387,21.26199772306788,23.80377410626104,25.56642292420247,27.956560573434423,29.56502209311471,33.04464485675703,35.90234150052891,36.67463335662818,37.36415264184675,38.03210898000369,38.54718820047536,38.98671361357117,39.36395341023184,39.67880805370624,39.91352525080563,40.18142252819703,40.36436966644778,40.4541669400695,40.59976304723249],"5._48._0.075":[1.5268463243731418,1.8679037053125453,2.1622431316564774,2.506080869126844,2.8001349939060365,3.143350108280592,3.5135702317802866,3.8674029921247235,4.498461076243309,5.002682413032505,5.440020472716026,6.19830436015179,6.844033818845034,8.747254330939768,10.916346524259096,11.603190755211052,12.249863222880634,12.905920527990794,13.430136458308294,13.886974584359862,14.28518202873224,14.62052845571471,14.871397918904234,15.15686778639844,15.35204188347284,15.44824959574672,15.604869492837256],"5._96._0.075":[2.2092718103274023,2.5553235637176743,2.851915435501614,3.2003353714240528,3.5254023511655435,4.0164519999031825,4.740304823037769,5.550413077897991,7.092458734889403,8.31712922128038,9.328098640118423,10.928876814882996,12.150044282549896,15.157810880555951,17.90233640122202,18.67426472459367,19.366815359375206,20.041421175016218,20.562029604627444,21.006219962014345,21.386311247017648,21.70226155840685,21.937255118766178,22.204008393193398,22.386009382443966,22.47547873234593,22.62093745768087]},"logtime":[-8.5,-7.8,-7.2,-6.5,-5.9,-5.2,-4.5,-3.963,-3.27,-2.864,-2.577,-2.171,-1.884,-1.191,-0.497,-0.274,-0.051,0.196,0.419,0.642,0.873,1.112,1.335,1.679,2.028,2.275,3.003]}
