{"bore_locations":[[0.0,0.0],[0.0,20.0],[5.0,0.0],[5.0,20.0],[10.0,0.0],[10.0,20.0],[15.0,0.0],[15.0,20.0],[0.0,5.0],[15.0,5.0],[0.0,10.0],[15.0,10.0],[0.0,15.0],[15.0,15.0],[7.5,10.0]],"g":{"5._192._0.08":[2.8351685512012468,3.187263976408304,3.523184523197632,4.04452040682191,4.7005339485370845,5.877655613810245,7.706884587478849,9.629481927492161,12.680895872103044,14.66623421623402,16.107069823295962,18.12990315873668,19.52341523869152,22.594982906243462,25.143157755727064,25.83406578778365,26.44958758446652,27.045446061718135,27.504170200652943,27.89539984900222,28.23067337623168,28.510075186569157,28.718266960324986,28.95557317653764,29.117642448401405,29.197243024940448,29.326424822164203],"5._24._0.075":[0.8740059532267965,1.1958031759615426,1.4813847491413072,1.8198213217004355,2.111467924224727,2.451192833169619,2.788419988018048,3.0450147355036905,3.3885072584301543,3.6197366217784492,3.8091701816889123,4.128111892087807,4.39884260436798,5.250757746951914,6.41439563001892,6.841366918909256,7.278024893171893,7.757621892686313,8.171853615449939,8.556169245065416,8.911938008820746,9.227907913590471,9.47372814602179,9.763911436403815,9.967702695671553,10.069740089831281,10.23752927403046],"5._384._0.0875":[3.4936911508997595,4.044097301447126,4.744923718584172,6.0114003816396595,7.651402365475661,10.325139436732687,13.730191644475592,16.67435138772061,20.626379130842803,22.92757920760366,24.516116133712856,26.66564279862443,28.110337650479053,31.23886548369332,33.81315290772364,34.50962628838817,35.13215348683249,35.73579244844193,36.20187944168707,36.59970980376465,36.94144936015703,37.226885257841325,37.439692108001495,37.68266352301702,37.8485645882877,37.92996974889343,38.061870293085036],"5._48._0.075":[1.526846324373142,1.8679037053125451,2.1622431316564765,2.5060808690869796,2.8001348884547657,3.1433336028828944,3.5133882256158144,3.8674609225070657,4.505684759190436,5.02351149512212,5.475414978679433,6.257517502871103,6.91771555215415,8.82167848196441,10.919458244618195,11.568976989964966,12.175149278710098,12.785173774635,13.269430465427192,13.68941778925645,14.054226929203727,14.360729615993563,14.589688246739875,14.850125079875735,15.02804222870348,15.115647231915892,15.258073594028103],"5._96._0.075":[2.2092718103274027,2.5553235635508993,2.8519151951305375,3.200309921062786,3.525221538470626,4.017011426432835,4.752240865873735,5.587799412525928,7.171409197280925,8.406044616381264,9.408583286542262,10.967860919290501,12.137273381796012,14.959721757879969,17.482441991861208,18.185755121275072,18.81574329641796,19.428700020432608,19.901780150224106,20.30537685411131,20.651009517012206,20.938601574341416,21.152590732614865,21.395744036470568,21.561649265594898,21.643169548262744,21.77557426738418]},"logtime":[-8.5,-7.8,-7.2,-6.5,-5.9,-5.2,-4.5,-3.963,-3.27,-2.864,-2.577,-2.171,-1.884,-1.191,-0.497,-0.274,-0.051,0.196,0.419,0.642,0.873,1.112,1.335,1.679,2.028,2.275,3.003]}
