{"bore_locations":[[24.0,8.0],[16.0,16.0],[32.0,32.0],[0.0,64.0],[8.0,0.0],[48.0,8.0],[40.0,32.0],[0.0,56.0],[40.0,8.0],[0.0,16.0],[48.0,32.0],[8.0,40.0],[16.0,56.0],[16.0,64.0],[24.0,0.0],[16.0,24.0],[32.0,40.0],[0.0,72.0],[48.0,16.0],[8.0,24.0],[0.0,32.0],[40.0,56.0],[32.0,64.0],[40.0,0.0],[0.0,24.0],[8.0,32.0],[48.0,40.0],[16.0,72.0],[32.0,16.0],[16.0,32.0],[24.0,56.0],[48.0,64.0],[8.0,72.0],[8.0,16.0],[48.0,24.0],[0.0,40.0],[40.0,48.0],[32.0,72.0],[0.0,0.0],[40.0,24.0],[48.0,48.0],[8.0,56.0],[24.0,32.0],[24.0,72.0],[32.0,24.0],[16.0,40.0],[24.0,48.0],[8.0,64.0],[48.0,72.0],[16.0,0.0],[24.0,24.0],[32.0,48.0],[40.0,72.0],[40.0,16.0],[0.0,8.0],[8.0,48.0],[48.0,56.0],[24.0,64.0],[32.0,0.0],[24.0,40.0],[16.0,48.0],[16.0,8.0],[24.0,16.0],[32.0,56.0],[40.0,64.0],[48.0,0.0],[8.0,8.0],[40.0,40.0],[0.0,48.0],[32.0,8.0]],"g":{"8._128._0.064":[2.6532850372489762,3.000309368745691,3.2972831543865007,3.643403057167728,3.954844526290792,4.443133315561716,5.304052440060255,6.418736841564628,8.766223025589971,10.787634693570316,12.556127877477024,15.534848823972633,17.972764274796887,24.511545681470228,31.16434192716479,33.14469563252252,34.93612545742986,36.68615391733102,38.019518554928844,39.1543463736916,40.110414099754024,40.89251412676355,41.47100033050018,42.12127108707295,42.56542757762194,42.785590350223835,43.151307459745006]},"logtime":[-8.5,-7.8,-7.2,-6.5,-5.9,-5.2,-4.5,-3.963,-3.27,-2.864,-2.577,-2.171,-1.884,-1.191,-0.497,-0.274,-0.051,0.196,0.419,0.642,0.873,1.112,1.335,1.679,2.028,2.275,3.003]}
